method,path,handler,file:line,input,response_keys_or_schema,db_reads_detected,db_writes_detected,columns_referenced,side_effects_detected
POST,/admin/approve_class/{course_id},routers.admin.approve_class,Kharazmi_Server/routers/admin.py:703,"path:course_id:integer:required | header:authorization:{'anyOf': [{'type': 'string'}, {'type': 'null'}], 'title': 'Authorization'}:optional","نامشخص; static_return_keys=message,price_warning",Course,"ActivityLog(admin_username='group6', action='class_approve', target_id=c.id, target_name=c.title, details='تأیید تکی پس از بررسی ظرفیت و تداخل زمان\u200cبندی')",c.is_admin_approved;c.pending_since;c.rejection_reason;is_deleted,db.add;db.commit
POST,/admin/classes/suspend_bulk,routers.admin.suspend_bulk_classes,Kharazmi_Server/routers/admin.py:1534,"header:authorization:{'anyOf': [{'type': 'string'}, {'type': 'null'}], 'title': 'Authorization'}:optional | body:BulkSuspendRequest:required","نامشخص; static_return_keys=status,message,results",Course,نامشخص,course.is_suspended,db.commit
POST,/admin/classes/{course_id}/suspend_s,routers.classes.suspend_class_admin,Kharazmi_Server/routers/classes.py:370,"path:course_id:integer:required | header:authorization:{'anyOf': [{'type': 'string'}, {'type': 'null'}], 'title': 'Authorization'}:optional","نامشخص; static_return_keys=message,is_suspended",Course,نامشخص,course.is_suspended,db.commit
GET,/admin/deleted_classes,routers.admin.get_deleted_classes,Kharazmi_Server/routers/admin.py:1770,"query:query:{'anyOf': [{'type': 'string'}, {'type': 'null'}], 'title': 'Query'}:optional | query:branch_id:{'anyOf': [{'type': 'integer'}, {'type': 'null'}], 'title': 'Branch Id'}:optional | header:authorization:{'anyOf': [{'type': 'string'}, {'type': 'null'}], 'title': 'Authorization'}:optional",نامشخص; static_return_keys=نامشخص,Course;Teacher;models.Branch,نامشخص,is_deleted,نامشخص
GET,/admin/deleted_classes/{course_id},routers.admin.get_deleted_class_detail,Kharazmi_Server/routers/admin.py:1849,"path:course_id:integer:required | header:authorization:{'anyOf': [{'type': 'string'}, {'type': 'null'}], 'title': 'Authorization'}:optional","نامشخص; static_return_keys=id,title,code,grade_level,days_of_week,class_time,is_suspended,bg_color,teacher_id,teacher_name,branch_id,branch_name,students_count,students_active_count,archived_enrollments_count,sessions_count,archived_sessions_count,transactions_count,transactions_total,deleted_at,has_deletion_record,forgive_session_charges,requested_by_role,admin_note",Course;Enrollment;SessionLog;Teacher;models.Branch,نامشخص,course_id;is_deleted,نامشخص
POST,/admin/deleted_classes/{course_id}/restore,routers.admin.restore_deleted_class,Kharazmi_Server/routers/admin.py:1915,"path:course_id:integer:required | header:authorization:{'anyOf': [{'type': 'string'}, {'type': 'null'}], 'title': 'Authorization'}:optional | body:ClassRestoreRequest:required","نامشخص; static_return_keys=message,id,title,code,is_deleted,is_suspended,mode,finances_untouched,teacher_archived,warnings,note,deleted_at_was,reason",Course;Enrollment;SessionLog;Teacher;Transaction;User,"ActivityLog(admin_username=actor_name or 'admin', action='restore_class_metadata', target_id=course.id, target_name=course.title or '', details=f""restore metadata_only — دلیل: {(data.reason or '').strip() or 'ثبت نشده'}"");ClassRestoreLog(course_id=course.id, mode='metadata_only', reason=(data.reason or '').strip() or None, actor_user_id=actor_user_id, actor_name=actor_name or None, pre_state_json=json.dumps(pre_state, ensure_ascii=False), finance_touched=False)",course.is_deleted;course_id;is_deleted,db.add;db.commit;db.refresh
GET,/admin/institute_settings,routers.admin.get_institute_settings,Kharazmi_Server/routers/admin.py:1557,"header:authorization:{'anyOf': [{'type': 'string'}, {'type': 'null'}], 'title': 'Authorization'}:optional",نامشخص; static_return_keys=نامشخص,InstituteSettings,settings,نامشخص,db.add;db.commit;db.refresh
PUT,/admin/institute_settings,routers.admin.update_institute_settings,Kharazmi_Server/routers/admin.py:1575,"header:authorization:{'anyOf': [{'type': 'string'}, {'type': 'null'}], 'title': 'Authorization'}:optional | body:InstituteSettingsModel:required","نامشخص; static_return_keys=message,settings",InstituteSettings,settings,settings.address;settings.card_holder_1;settings.card_holder_2;settings.card_number;settings.card_number_1;settings.card_number_2;settings.footer_text;settings.live_session_max_minutes;settings.manager_mobile_1;settings.manager_mobile_2;settings.name;settings.official_email;settings.phone;settings.teacher_settlement_alert_days;settings.teachers_active,db.add;db.commit;db.refresh
POST,/admin/institute_settings/upload_logo,routers.admin.upload_institute_logo,Kharazmi_Server/routers/admin.py:1614,"header:authorization:{'anyOf': [{'type': 'string'}, {'type': 'null'}], 'title': 'Authorization'}:optional | body:Body_upload_institute_logo_admin_institute_settings_upload_logo_post:required","نامشخص; static_return_keys=message,logo_path,url",InstituteSettings,settings,settings.logo_path,db.add;db.commit
GET,/admin/live_sessions,routers.attendance.get_admin_live_sessions,Kharazmi_Server/routers/attendance.py:1434,"header:authorization:{'anyOf': [{'type': 'string'}, {'type': 'null'}], 'title': 'Authorization'}:optional",نامشخص; static_return_keys=نامشخص,Course;Enrollment;LiveSession;Teacher,نامشخص,course_id;is_deleted,نامشخص
GET,/admin/live_sessions/{session_id}/roster,routers.attendance.get_admin_live_session_roster,Kharazmi_Server/routers/attendance.py:1492,"path:session_id:integer:required | header:authorization:{'anyOf': [{'type': 'string'}, {'type': 'null'}], 'title': 'Authorization'}:optional","نامشخص; static_return_keys=live_session_id,course_id,class_title,course_code,teacher_name,start_time,started_at_ts,elapsed_minutes,total_enrolled,present,absent,undetermined,students",Course;Enrollment;LiveSession;Student;Teacher,نامشخص,course_id;is_deleted,نامشخص
GET,/admin/parent_contacts,routers.admin.get_parent_contacts,Kharazmi_Server/routers/admin.py:739,"query:class_id:{'anyOf': [{'type': 'integer'}, {'type': 'null'}], 'title': 'Class Id'}:optional | query:search:{'anyOf': [{'type': 'string'}, {'type': 'null'}], 'title': 'Search'}:optional | header:authorization:{'anyOf': [{'type': 'string'}, {'type': 'null'}], 'title': 'Authorization'}:optional",نامشخص; static_return_keys=نامشخص,Student,نامشخص,course_id;is_deleted,نامشخص
GET,/admin/pending_classes,routers.admin.get_pending_classes,Kharazmi_Server/routers/admin.py:632,"header:authorization:{'anyOf': [{'type': 'string'}, {'type': 'null'}], 'title': 'Authorization'}:optional",نامشخص; static_return_keys=نامشخص,Course;Teacher;models.InstituteShare,نامشخص,is_deleted,نامشخص
GET,/admin/pricing_table,routers.admin.get_pricing_table,Kharazmi_Server/routers/admin.py:2044,"header:authorization:{'anyOf': [{'type': 'string'}, {'type': 'null'}], 'title': 'Authorization'}:optional",نامشخص; static_return_keys=نامشخص,PricingTable,نامشخص,نامشخص,نامشخص
PUT,/admin/pricing_table,routers.admin.update_pricing_table,Kharazmi_Server/routers/admin.py:2050,"header:authorization:{'anyOf': [{'type': 'string'}, {'type': 'null'}], 'title': 'Authorization'}:optional | body:PricingTableUpdateModel:required",نامشخص; static_return_keys=message,PricingTable,row,row.count_1;row.count_2;row.count_3;row.count_4;row.count_5,db.add;db.commit
DELETE,/admin/reject_class/{course_id},routers.admin.reject_class,Kharazmi_Server/routers/admin.py:339,"path:course_id:integer:required | query:reason:{'anyOf': [{'type': 'string'}, {'type': 'null'}], 'description': 'علت رد درخواست کلاس', 'title': 'Reason'}:optional | header:authorization:{'anyOf': [{'type': 'string'}, {'type': 'null'}], 'title': 'Authorization'}:optional","نامشخص; static_return_keys=message,reason",Course;models.ClassDeletionRequest,"ActivityLog(admin_username='group6', action='class_reject', target_id=c.id, target_name=c.title, details=clean_reason);models.ClassDeletionRequest(course_id=c.id, requested_by_role='admin', requested_by_user_id=_actor_user_id, forgive_session_charges=True, status='approved', snapshot_json=json.dumps(snapshot, ensure_ascii=False, default=str), decided_at=datetime.datetime.now(), decided_by_user_id=_actor_user_id)",c.rejection_reason;course_id,db.add;db.commit
GET,/admin/session_history,routers.admin.admin_session_history,Kharazmi_Server/routers/admin.py:2285,"query:date_from:{'anyOf': [{'type': 'string'}, {'type': 'null'}], 'title': 'Date From'}:optional | query:date_to:{'anyOf': [{'type': 'string'}, {'type': 'null'}], 'title': 'Date To'}:optional | query:teacher_id:{'anyOf': [{'type': 'integer'}, {'type': 'null'}], 'title': 'Teacher Id'}:optional | query:course_id:{'anyOf': [{'type': 'integer'}, {'type': 'null'}], 'title': 'Course Id'}:optional | query:flag:{'anyOf': [{'type': 'string'}, {'type': 'null'}], 'title': 'Flag'}:optional | query:status:{'anyOf': [{'type': 'string'}, {'type': 'null'}], 'title': 'Status'}:optional | query:search:{'anyOf': [{'type': 'string'}, {'type': 'null'}], 'title': 'Search'}:optional | query:export:boolean:optional | header:authorization:{'anyOf': [{'type': 'string'}, {'type': 'null'}], 'title': 'Authorization'}:optional","نامشخص; static_return_keys=items,count,filters",Attendance;SessionLog;Teacher,نامشخص,amount;course_id;is_deleted;is_reversed;ws.title,StreamingResponse;Workbook
POST,/admin/session_history/{session_id}/reopen,routers.admin.reopen_admin_session,Kharazmi_Server/routers/admin.py:2378,"path:session_id:integer:required | query:reason:string:required | header:authorization:{'anyOf': [{'type': 'string'}, {'type': 'null'}], 'title': 'Authorization'}:optional","نامشخص; static_return_keys=message,session_id",Attendance;SessionLog,"ActivityLog(admin_username='group6', action='session_reopen', target_id=session.id, target_name=str(session.course_id), details=reason.strip())",course_id;is_deleted;session.status,db.add;db.commit
GET,/admin/students/search,routers.admin.search_admin_students,Kharazmi_Server/routers/admin.py:2067,"query:query:{'anyOf': [{'type': 'string'}, {'type': 'null'}], 'title': 'Query'}:optional | header:authorization:{'anyOf': [{'type': 'string'}, {'type': 'null'}], 'title': 'Authorization'}:optional",List[PersonListItem]; static_return_keys=نامشخص,Student,نامشخص,is_deleted,نامشخص
DELETE,/admin/students/{id},routers.admin.delete_student,Kharazmi_Server/routers/admin.py:1293,"path:id:integer:required | header:authorization:{'anyOf': [{'type': 'string'}, {'type': 'null'}], 'title': 'Authorization'}:optional",نامشخص; static_return_keys=message,Student;User;UserSession,نامشخص,is_deleted;st.is_deleted;st.parent_user_id;st.user_id,db.commit
GET,/admin/students/{id}/full_profile,routers.admin.get_student_full_profile,Kharazmi_Server/routers/admin.py:406,"path:id:integer:required | header:authorization:{'anyOf': [{'type': 'string'}, {'type': 'null'}], 'title': 'Authorization'}:optional","نامشخص; static_return_keys=info,classes,enrollments,transactions,total_debt,debt_teacher,debt_institute,wallet_teacher,wallet_institute,wallet_total,total_paid_institute,unassigned_debt,teachers_financial",Student;Teacher;Transaction,نامشخص,amount;course_id;is_deleted;is_reversed;share_institute;share_teacher;wallet_institute;wallet_teacher,نامشخص
POST,/admin/students/{id}/send_portal_link,routers.students.send_portal_link,Kharazmi_Server/routers/students.py:903,"path:id:integer:required | header:authorization:{'anyOf': [{'type': 'string'}, {'type': 'null'}], 'title': 'Authorization'}:optional",نامشخص; static_return_keys=message,InstituteSettings;Student,"SmsLog(target_group=f'portal_link_{student.id}', message_text=msg, sent_count=1, date=today)",is_deleted,SmsLog;db.add;db.commit
POST,/admin/students/{id}/toggle_suspend,routers.admin.toggle_suspend_student,Kharazmi_Server/routers/admin.py:1315,"path:id:integer:required | header:authorization:{'anyOf': [{'type': 'string'}, {'type': 'null'}], 'title': 'Authorization'}:optional","نامشخص; static_return_keys=message,is_suspended",Student,نامشخص,is_deleted;st.is_suspended,db.commit
GET,/admin/teachers/search,routers.admin.search_admin_teachers,Kharazmi_Server/routers/admin.py:2097,"query:query:{'anyOf': [{'type': 'string'}, {'type': 'null'}], 'title': 'Query'}:optional | header:authorization:{'anyOf': [{'type': 'string'}, {'type': 'null'}], 'title': 'Authorization'}:optional",List[PersonListItem]; static_return_keys=نامشخص,Teacher,نامشخص,is_deleted,نامشخص
GET,/admin/teachers/{id}/credentials,routers.admin.get_teacher_credentials,Kharazmi_Server/routers/admin.py:2144,"path:id:integer:required | header:authorization:{'anyOf': [{'type': 'string'}, {'type': 'null'}], 'title': 'Authorization'}:optional",TeacherCredentialsResponse; static_return_keys=نامشخص,Teacher,نامشخص,is_deleted,نامشخص
PUT,/admin/teachers/{id}/credentials,routers.admin.update_teacher_credentials,Kharazmi_Server/routers/admin.py:2209,"path:id:integer:required | header:authorization:{'anyOf': [{'type': 'string'}, {'type': 'null'}], 'title': 'Authorization'}:optional | body:TeacherCredentialsUpdateRequest:required",نامشخص; static_return_keys=message,Teacher;User;UserSession,log_entry,is_deleted;shadow.username;teacher.card_number;teacher.mobile,db.add;db.commit
POST,/admin/teachers/{id}/credentials/reset_password,routers.admin.reset_teacher_password,Kharazmi_Server/routers/admin.py:2161,"path:id:integer:required | header:authorization:{'anyOf': [{'type': 'string'}, {'type': 'null'}], 'title': 'Authorization'}:optional","نامشخص; static_return_keys=message,new_password",Teacher;User;UserSession,log_entry,is_deleted;shadow.password;teacher.password;teacher.teacher_code,db.add;db.commit
DELETE,/admin/teachers/{teacher_id},routers.admin.delete_teacher,Kharazmi_Server/routers/admin.py:313,"path:teacher_id:integer:required | header:authorization:{'anyOf': [{'type': 'string'}, {'type': 'null'}], 'title': 'Authorization'}:optional",نامشخص; static_return_keys=message,Course;Teacher;User;UserSession,نامشخص,is_deleted;teacher.is_deleted,db.commit
POST,/admin/teachers/{teacher_id}/suspend,routers.admin.suspend_teacher,Kharazmi_Server/routers/admin.py:299,"path:teacher_id:integer:required | header:authorization:{'anyOf': [{'type': 'string'}, {'type': 'null'}], 'title': 'Authorization'}:optional","نامشخص; static_return_keys=message,is_suspended",Teacher,نامشخص,is_deleted;teacher.is_suspended,db.commit
GET,/admin/today_summary,routers.admin.get_admin_today_summary,Kharazmi_Server/routers/admin.py:34,"header:authorization:{'anyOf': [{'type': 'string'}, {'type': 'null'}], 'title': 'Authorization'}:optional",نامشخص; static_return_keys=نامشخص,نامشخص,نامشخص,نامشخص,نامشخص
GET,/admin/transactions/list,routers.admin.get_all_transactions,Kharazmi_Server/routers/admin.py:893,"query:search:{'anyOf': [{'type': 'string'}, {'type': 'null'}], 'title': 'Search'}:optional | header:authorization:{'anyOf': [{'type': 'string'}, {'type': 'null'}], 'title': 'Authorization'}:optional",نامشخص; static_return_keys=نامشخص,Transaction,نامشخص,amount;course_id;is_deleted;is_reversed,نامشخص
GET,/admin/transactions/list/excel,routers.admin.get_transactions_excel,Kharazmi_Server/routers/admin.py:793,"query:search:{'anyOf': [{'type': 'string'}, {'type': 'null'}], 'title': 'Search'}:optional | header:authorization:{'anyOf': [{'type': 'string'}, {'type': 'null'}], 'title': 'Authorization'}:optional",نامشخص; static_return_keys=نامشخص,Transaction,نامشخص,"amount;cell.alignment;cell.fill;cell.font;is_deleted;is_reversed;share_institute;share_teacher;ws.cell(row=row_num, column=10).number_format;ws.cell(row=row_num, column=11).number_format;ws.cell(row=row_num, column=4).number_format;ws.column_dimensions[col_letter].width;ws.title;ws.views.sheetView[0].rightToLeft",StreamingResponse;Workbook
DELETE,/admin/transactions/{id},routers.admin.delete_transaction,Kharazmi_Server/routers/admin.py:935,"path:id:integer:required | header:authorization:{'anyOf': [{'type': 'string'}, {'type': 'null'}], 'title': 'Authorization'}:optional",نامشخص; static_return_keys=message,Enrollment;Student;Transaction,trans,amount;course_id;enrollment_id;is_deleted;is_reversed;share_institute;share_teacher;total_paid;wallet_institute;wallet_teacher,db.commit;db.delete;db.refresh
PUT,/admin/transactions/{id},routers.admin.update_transaction,Kharazmi_Server/routers/admin.py:1113,"path:id:integer:required | header:authorization:{'anyOf': [{'type': 'string'}, {'type': 'null'}], 'title': 'Authorization'}:optional | body:TransactionUpdate:required",نامشخص; static_return_keys=message,Enrollment;Student;Transaction,نامشخص,amount;course_id;enrollment_id;is_deleted;is_reversed;share_institute;share_teacher;total_paid;trans.amount;trans.date;trans.description;trans.share_institute;trans.share_teacher;wallet_institute;wallet_teacher,db.commit;db.refresh
POST,/ai/chat,routers.ai.chat_with_ai_assistant,Kharazmi_Server/routers/ai.py:153,"header:authorization:{'anyOf': [{'type': 'string'}, {'type': 'null'}], 'title': 'Authorization'}:optional | body:AIChatRequest:required","نامشخص; static_return_keys=status,response,role,suggested_action",Attendance;Course;Student;models.UserSession,نامشخص,amount;course_id;is_deleted;is_reversed;req.student_id;wallet_institute;wallet_teacher,نامشخص
GET,/analytics/classes,routers.analytics.get_classes_performance_analytics,Kharazmi_Server/routers/analytics.py:355,"query:branch_id:{'anyOf': [{'type': 'integer'}, {'type': 'null'}], 'title': 'Branch Id'}:optional | query:limit:integer:optional | query:offset:integer:optional | header:authorization:{'anyOf': [{'type': 'string'}, {'type': 'null'}], 'title': 'Authorization'}:optional",نامشخص; static_return_keys=نامشخص,Course,نامشخص,course_id;is_deleted,نامشخص
GET,/analytics/dashboard,routers.analytics.get_analytics_dashboard,Kharazmi_Server/routers/analytics.py:152,"query:time_filter:string:optional | query:start_date:{'anyOf': [{'type': 'string'}, {'type': 'null'}], 'title': 'Start Date'}:optional | query:end_date:{'anyOf': [{'type': 'string'}, {'type': 'null'}], 'title': 'End Date'}:optional | query:branch_id:{'anyOf': [{'type': 'integer'}, {'type': 'null'}], 'title': 'Branch Id'}:optional | header:authorization:{'anyOf': [{'type': 'string'}, {'type': 'null'}], 'title': 'Authorization'}:optional","نامشخص; static_return_keys=period,active_students,new_registrations,retention_rate,attendance_rate,average_grade,outstanding_debt,monthly_revenue,total_turnover,lead_conversion_rate,payment_collection_rate",Enrollment.register_date;Enrollment.student_id;Grade.date;Grade.score;Installment.amount;Installment.due_date;Installment.is_paid;SessionLog.date;Student,نامشخص,amount;course_id;is_deleted,نامشخص
GET,/analytics/enrollment_funnel,routers.analytics.get_enrollment_funnel,Kharazmi_Server/routers/analytics.py:78,"query:start_date:string:required | query:end_date:string:required | query:branch_id:integer:required | header:authorization:{'anyOf': [{'type': 'string'}, {'type': 'null'}], 'title': 'Authorization'}:optional","نامشخص; static_return_keys=period,branch_id,total_leads,converted_leads,conversion_rate,average_conversion_hours,average_conversion_days,timed_conversions",Lead,نامشخص,نامشخص,نامشخص
GET,/analytics/export/excel,routers.analytics.export_analytics_excel,Kharazmi_Server/routers/analytics.py:396,"query:time_filter:string:optional | query:branch_id:{'anyOf': [{'type': 'integer'}, {'type': 'null'}], 'title': 'Branch Id'}:optional | header:authorization:{'anyOf': [{'type': 'string'}, {'type': 'null'}], 'title': 'Authorization'}:optional",نامشخص; static_return_keys=نامشخص,نامشخص,نامشخص,"cell.alignment;cell.border;cell.fill;cell.font;ws1.column_dimensions['A'].width;ws1.column_dimensions['B'].width;ws1.column_dimensions['C'].width;ws1.row_dimensions[1].height;ws1.row_dimensions[2].height;ws1.row_dimensions[row_idx].height;ws1.sheet_view.rightToLeft;ws1.title;ws1.views.sheetView[0].showGridLines;ws1['A1'].alignment;ws1['A1'].fill;ws1['A1'].font;ws2.cell(row=r_idx, column=1, value=t['teacher_id']).alignment;ws2.cell(row=r_idx, column=2, value=t['teacher_name']).alignment;ws2.cell(row=r_idx, column=3, value=t['student_count']).alignment;ws2.cell(row=r_idx, column=4, value=t['average_grade']).alignment;ws2.cell(row=r_idx, column=5, value=f""{t['attendance_rate']}%"").alignment;ws2.cell(row=r_idx, column=6, value=f""{t['wallet_balance']:,} ریال"").alignment;ws2.column_dimensions['A'].width;ws2.column_dimensions['B'].width;ws2.column_dimensions['C'].width;ws2.column_dimensions['D'].width;ws2.column_dimensions['E'].width;ws2.column_dimensions['F'].width;ws2.row_dimensions[1].height;ws2.row_dimensions[r_idx].height;ws2.sheet_view.rightToLeft;ws2.views.sheetView[0].showGridLines",StreamingResponse;openpyxl.Workbook
GET,/analytics/export/pdf,routers.analytics.export_analytics_pdf,Kharazmi_Server/routers/analytics.py:529,"query:time_filter:string:optional | query:branch_id:{'anyOf': [{'type': 'integer'}, {'type': 'null'}], 'title': 'Branch Id'}:optional | header:authorization:{'anyOf': [{'type': 'string'}, {'type': 'null'}], 'title': 'Authorization'}:optional",نامشخص; static_return_keys=نامشخص,نامشخص,نامشخص,نامشخص,StreamingResponse
GET,/analytics/teachers,routers.analytics.get_teachers_performance_analytics,Kharazmi_Server/routers/analytics.py:294,"query:branch_id:{'anyOf': [{'type': 'integer'}, {'type': 'null'}], 'title': 'Branch Id'}:optional | query:limit:integer:optional | query:offset:integer:optional | header:authorization:{'anyOf': [{'type': 'string'}, {'type': 'null'}], 'title': 'Authorization'}:optional",نامشخص; static_return_keys=نامشخص,Attendance.session_id;Course;SessionLog.absent_penalty_teacher;SessionLog.final_teacher_cost;SessionLog.id;SessionLog.is_penalty_settled;Teacher,نامشخص,course_id;is_deleted,نامشخص
POST,/attendance/get,routers.attendance.get_class_attendance,Kharazmi_Server/routers/attendance.py:585,"header:authorization:{'anyOf': [{'type': 'string'}, {'type': 'null'}], 'title': 'Authorization'}:optional | body:AttendanceLogRequest:required",نامشخص; static_return_keys=نامشخص,Attendance;Course;SessionLog;Student,نامشخص,course_id;is_deleted,نامشخص
POST,/attendance/get_history,routers.attendance.get_history,Kharazmi_Server/routers/attendance.py:881,"header:authorization:{'anyOf': [{'type': 'string'}, {'type': 'null'}], 'title': 'Authorization'}:optional | body:HistoryRequest:required",نامشخص; static_return_keys=نامشخص,Course;SessionLog,نامشخص,course_id;is_deleted,نامشخص
GET,/attendance/live/current,routers.attendance.get_current_live_session,Kharazmi_Server/routers/attendance.py:551,"header:authorization:{'anyOf': [{'type': 'string'}, {'type': 'null'}], 'title': 'Authorization'}:optional","نامشخص; static_return_keys=live_session_id,course_id,class_title,course_code,status,start_time,started_at_ts,max_minutes",Course;LiveSession,نامشخص,course_id,نامشخص
POST,/attendance/qr_check-in,routers.attendance.qr_student_check_in,Kharazmi_Server/routers/attendance.py:1353,"header:authorization:{'anyOf': [{'type': 'string'}, {'type': 'null'}], 'title': 'Authorization'}:optional | body:QrCheckInRequest:required",نامشخص; static_return_keys=message,Attendance;Enrollment;SessionLog;Student;UserSession,نامشخص,course_id;existing_att.status;is_deleted,NotificationService.send_notification;db.commit
DELETE,/attendance/session/{session_code},routers.attendance.delete_session_endpoint,Kharazmi_Server/routers/attendance.py:1288,"path:session_code:integer:required | header:authorization:{'anyOf': [{'type': 'string'}, {'type': 'null'}], 'title': 'Authorization'}:optional",نامشخص; static_return_keys=message,Attendance.id;SessionLog,نامشخص,is_deleted;session.is_deleted,db.commit
GET,/attendance/session/{session_code},routers.attendance.get_session_details,Kharazmi_Server/routers/attendance.py:1003,"path:session_code:integer:required | header:authorization:{'anyOf': [{'type': 'string'}, {'type': 'null'}], 'title': 'Authorization'}:optional","نامشخص; static_return_keys=session_id,session_code,course_id,class_title,class_code,teacher_name,date,attendee_count,items",Attendance;Course;SessionLog;Student,نامشخص,course_id;is_deleted,نامشخص
PUT,/attendance/session/{session_code},routers.attendance.edit_past_session,Kharazmi_Server/routers/attendance.py:1051,"path:session_code:integer:required | header:authorization:{'anyOf': [{'type': 'string'}, {'type': 'null'}], 'title': 'Authorization'}:optional | body:AttendanceSubmitData:required","نامشخص; static_return_keys=message,session_id,session_code,details",Attendance.id;Course;SessionLog;SessionLog.id;Student,"Transaction(student_id=item.student_id, branch_id=charge_branch, course_id=course.id, session_id=session.id, amount=-(teacher_share_value + inst_share_value), payment_method='System', date=data.date, type='session_charge', share_teacher=teacher_share_value, share_institute=inst_share_value, description=f""هزینه جلسه - {('حاضر' if item.status in ['Present', 'Late'] else 'غایب غیرموجه')} (معلم: {teacher_share_value}، آموزشگاه: {inst_share_value})"")",course_id;data.date;is_deleted;session.absent_penalty_institute;session.absent_penalty_teacher;session.attendee_count;session.cost_per_student;session.date;session.final_institute_share;session.final_teacher_cost;st.wallet_institute;st.wallet_teacher;wallet_institute;wallet_teacher,db.add;db.commit;db.flush
POST,/attendance/student_history,routers.attendance.get_student_attendance_history,Kharazmi_Server/routers/attendance.py:926,"header:authorization:{'anyOf': [{'type': 'string'}, {'type': 'null'}], 'title': 'Authorization'}:optional | body:StudentAttendanceHistoryRequest:required","نامشخص; static_return_keys=student_name,course_title,course_code,total_sessions,present_count,absent_count,attendance_rate,attendance_history",Attendance;Course;SessionLog;Student;UserSession,نامشخص,course_id;is_deleted,نامشخص
POST,/attendance/submit_session,routers.attendance.submit_session_and_calculate,Kharazmi_Server/routers/attendance.py:631,"query:_system_caller:{'anyOf': [{'type': 'string'}, {'type': 'null'}], 'title': ' System Caller'}:optional | header:authorization:{'anyOf': [{'type': 'string'}, {'type': 'null'}], 'title': 'Authorization'}:optional | body:AttendanceSubmitData:required","نامشخص; static_return_keys=message,session_id,session_code,details",Course;SessionLog.id;Student,"Transaction(student_id=item.student_id, branch_id=charge_branch, course_id=course.id, session_id=session.id, amount=-(teacher_share_value + inst_share_value), payment_method='System', date=data.date, type='session_charge', share_teacher=teacher_share_value, share_institute=inst_share_value, description=f""هزینه جلسه - {('حاضر' if item.status in ['Present', 'Late'] else 'غایب غیرموجه')} (معلم: {teacher_share_value}، آموزشگاه: {inst_share_value})"");session",course_id;data.date;is_deleted;st.wallet_institute;st.wallet_teacher;wallet_institute;wallet_teacher,NotificationService.send_notification;db.add;db.commit;db.flush
POST,/attendance/{course_id}/start_live,routers.attendance.start_live_session,Kharazmi_Server/routers/attendance.py:313,"path:course_id:integer:required | header:authorization:{'anyOf': [{'type': 'string'}, {'type': 'null'}], 'title': 'Authorization'}:optional","نامشخص; static_return_keys=message,live_session_id,course_id,status,start_time,started_at_ts,max_minutes",Course;LiveSession,live,course_id,db.add;db.commit;db.refresh
POST,/attendance/{session_id}/cancel_live,routers.attendance.cancel_live_session,Kharazmi_Server/routers/attendance.py:449,"path:session_id:integer:required | header:authorization:{'anyOf': [{'type': 'string'}, {'type': 'null'}], 'title': 'Authorization'}:optional","نامشخص; static_return_keys=message,live_session_id,status",Course;LiveSession,نامشخص,course_id,db.commit
POST,/attendance/{session_id}/end_live,routers.attendance.end_live_session,Kharazmi_Server/routers/attendance.py:369,"path:session_id:integer:required | header:authorization:{'anyOf': [{'type': 'string'}, {'type': 'null'}], 'title': 'Authorization'}:optional | body:{'anyOf': [{'$ref': '#/components/schemas/LiveEndBody'}, {'type': 'null'}], 'title': 'Body'}:optional","نامشخص; static_return_keys=message,live_session_id,ended_automatically,session_id,session_code,details",Course;LiveSession,نامشخص,course_id,db.commit;db.refresh
POST,/attendance/{session_id}/live_status,routers.attendance.save_live_status,Kharazmi_Server/routers/attendance.py:509,"path:session_id:integer:required | header:authorization:{'anyOf': [{'type': 'string'}, {'type': 'null'}], 'title': 'Authorization'}:optional | body:LiveStatusSave:required","نامشخص; static_return_keys=message,count",Course,نامشخص,course_id;live.live_roster,db.commit
GET,/audit-trail/logs,routers.audit_trail.list_audit_logs,Kharazmi_Server/routers/audit_trail.py:754,"query:entity_type:{'anyOf': [{'type': 'string'}, {'type': 'null'}], 'description': 'transaction | installment', 'title': 'Entity Type'}:optional | query:entity_id:{'anyOf': [{'type': 'integer', 'minimum': 1}, {'type': 'null'}], 'description': 'شناسه\u200cی رکورد مالی', 'title': 'Entity Id'}:optional | query:action:{'anyOf': [{'type': 'string'}, {'type': 'null'}], 'description': 'create | update | delete', 'title': 'Action'}:optional | query:user_id:{'anyOf': [{'type': 'integer', 'minimum': 1}, {'type': 'null'}], 'description': 'فیلتر بر اساس کاربر', 'title': 'User Id'}:optional | query:start_date:{'anyOf': [{'type': 'string'}, {'type': 'null'}], 'description': 'از تاریخ (ISO یا جلالی)', 'title': 'Start Date'}:optional | query:end_date:{'anyOf': [{'type': 'string'}, {'type': 'null'}], 'description': 'تا تاریخ (ISO یا جلالی، شامل کل روز)', 'title': 'End Date'}:optional | query:search:{'anyOf': [{'type': 'string'}, {'type': 'null'}], 'description': 'جست\u200cوجوی نام دانش\u200cآموز/معلم/کلاس/شعبه/گیرنده', 'title': 'Search'}:optional | query:page:integer:optional | query:limit:integer:optional | header:authorization:{'anyOf': [{'type': 'string'}, {'type': 'null'}], 'title': 'Authorization'}:optional",AuditTrailResponse; static_return_keys=نامشخص,FinancialAuditLog,نامشخص,نامشخص,نامشخص
GET,/audit/suspicious_patterns,routers.audit.get_suspicious_patterns,Kharazmi_Server/routers/audit.py:87,"header:authorization:{'anyOf': [{'type': 'string'}, {'type': 'null'}], 'title': 'Authorization'}:optional",List[AuditAlert]; static_return_keys=نامشخص,ActivityLog;Attendance;Course;SessionLog;Transaction,نامشخص,amount;course_id;is_deleted,نامشخص
POST,/auth/change-mobile,routers.auth.change_mobile,Kharazmi_Server/routers/auth.py:699,"header:authorization:{'anyOf': [{'type': 'string'}, {'type': 'null'}], 'title': 'Authorization'}:optional | body:ChangeMobileRequest:required",نامشخص; static_return_keys=message,Student;Teacher;User;UserSession,log_entry,teacher_row.mobile;user.username,db.add;db.commit
POST,/auth/change-password,routers.auth.change_password,Kharazmi_Server/routers/auth.py:308,"header:authorization:{'anyOf': [{'type': 'string'}, {'type': 'null'}], 'title': 'Authorization'}:optional | body:ChangePasswordRequest:required",نامشخص; static_return_keys=message,Teacher;User;UserSession,نامشخص,teacher.password;u.password;user.password,db.commit
POST,/auth/device_token,routers.auth.register_device_token,Kharazmi_Server/routers/auth.py:597,"header:authorization:{'anyOf': [{'type': 'string'}, {'type': 'null'}], 'title': 'Authorization'}:optional | body:DeviceTokenRequest:required",نامشخص; static_return_keys=message,DeviceToken,new_token,existing.role;existing.user_id,db.add;db.commit
POST,/auth/login,routers.auth.login_user,Kharazmi_Server/routers/auth.py:23,body:LoginRequest:required,"نامشخص; static_return_keys=status,role,sub_role,token,user_id,name,branch_id,message",LoginAttempt;Teacher;User,"LoginAttempt(mobile=_throttle_mobile, ip=request.client.host if request.client else None);_candidate;new_session",is_deleted;teacher.mobile;u.branch_id;u.full_name;u.username,db.add;db.commit;db.flush
POST,/auth/logout,routers.auth.logout_user,Kharazmi_Server/routers/auth.py:368,"query:device_token:{'anyOf': [{'type': 'string'}, {'type': 'null'}], 'title': 'Device Token'}:optional | header:authorization:{'anyOf': [{'type': 'string'}, {'type': 'null'}], 'title': 'Authorization'}:optional",نامشخص; static_return_keys=message,DeviceToken;UserSession,session,نامشخص,db.commit;db.delete
GET,/auth/me,routers.auth.get_me,Kharazmi_Server/routers/auth.py:393,"header:authorization:{'anyOf': [{'type': 'string'}, {'type': 'null'}], 'title': 'Authorization'}:optional","نامشخص; static_return_keys=user_id,name,role,permissions",Teacher;User;UserSession,نامشخص,نامشخص,نامشخص
POST,/auth/student/login,routers.auth.student_login,Kharazmi_Server/routers/auth.py:529,body:StudentLoginRequest:required,"نامشخص; static_return_keys=status,token,student_name",ParentOTP;Student,new_session,is_deleted;otp_record.attempts;otp_record.is_locked;otp_record.is_used;otp_record.locked_until,db.add;db.commit
POST,/auth/student/request_otp,routers.auth.request_student_otp,Kharazmi_Server/routers/auth.py:459,body:StudentOtpRequest:required,"نامشخص; static_return_keys=status,message",ParentOTP;Student,"SmsLog(target_group=f'student_otp_{mobile}', message_text=f'کد تایید ورود به پورتال دانش\u200cآموز خوارزمی: {otp_code}', sent_count=1, date=datetime.datetime.now().strftime('%Y/%m/%d %H:%M'));new_otp",is_deleted,SmsLog;db.add;db.commit
GET,/automation/logs,routers.automation.get_automation_logs,Kharazmi_Server/routers/automation.py:125,"query:rule_id:{'anyOf': [{'type': 'integer'}, {'type': 'null'}], 'title': 'Rule Id'}:optional | query:limit:integer:optional | query:offset:integer:optional | header:authorization:{'anyOf': [{'type': 'string'}, {'type': 'null'}], 'title': 'Authorization'}:optional",نامشخص; static_return_keys=نامشخص,AutomationLog,نامشخص,نامشخص,نامشخص
GET,/automation/rules,routers.automation.get_automation_rules,Kharazmi_Server/routers/automation.py:117,"header:authorization:{'anyOf': [{'type': 'string'}, {'type': 'null'}], 'title': 'Authorization'}:optional",نامشخص; static_return_keys=نامشخص,AutomationRule,نامشخص,نامشخص,نامشخص
POST,/automation/rules,routers.automation.create_automation_rule,Kharazmi_Server/routers/automation.py:66,"header:authorization:{'anyOf': [{'type': 'string'}, {'type': 'null'}], 'title': 'Authorization'}:optional | body:RuleCreateRequest:required","نامشخص; static_return_keys=message,rule_id",نامشخص,new_rule,نامشخص,db.add;db.commit;db.refresh
PUT,/automation/rules/{rule_id},routers.automation.update_automation_rule,Kharazmi_Server/routers/automation.py:93,"path:rule_id:integer:required | header:authorization:{'anyOf': [{'type': 'string'}, {'type': 'null'}], 'title': 'Authorization'}:optional | body:RuleUpdateRequest:required",نامشخص; static_return_keys=message,AutomationRule,نامشخص,rule.action_type;rule.active;rule.name;rule.threshold,db.commit
POST,/automation/run_rules,routers.automation.run_automation_engine,Kharazmi_Server/routers/automation.py:143,"header:authorization:{'anyOf': [{'type': 'string'}, {'type': 'null'}], 'title': 'Authorization'}:optional","نامشخص; static_return_keys=status,message,triggered_actions_count",Attendance;AutomationLog;AutomationRule;Enrollment;Grade;Homework;HomeworkSubmission;Installment;Lead;Student,"AutomationLog(rule_id=rule.id, triggered_at=datetime.datetime.utcnow(), details=f'Triggered for admin staff ({len(recipients)} recipients). Lead #{ld.id} uncontacted for {days_diff} days.');SmsLog(target_group=f'overdue_{inst.id}', message_text=body, sent_count=1, date=datetime.datetime.now().strftime('%Y/%m/%d %H:%M'))",amount;course_id;enrollment_id;is_deleted,NotificationService.send_to_staff;SmsLog;db.add;db.commit;trigger_notification_action
GET,/branches,routers.branches.list_branches,Kharazmi_Server/routers/branches.py:113,"header:authorization:{'anyOf': [{'type': 'string'}, {'type': 'null'}], 'title': 'Authorization'}:optional",نامشخص; static_return_keys=نامشخص,Branch,نامشخص,نامشخص,نامشخص
POST,/branches,routers.branches.create_branch,Kharazmi_Server/routers/branches.py:52,"header:authorization:{'anyOf': [{'type': 'string'}, {'type': 'null'}], 'title': 'Authorization'}:optional | body:BranchCreateRequest:required","نامشخص; static_return_keys=status,message,branch_id",Branch,new_branch,نامشخص,db.add;db.commit;db.refresh
PUT,/branches/{branch_id},routers.branches.update_branch,Kharazmi_Server/routers/branches.py:75,"path:branch_id:integer:required | header:authorization:{'anyOf': [{'type': 'string'}, {'type': 'null'}], 'title': 'Authorization'}:optional | body:BranchUpdateRequest:required","نامشخص; static_return_keys=status,message",Branch,نامشخص,branch.active;branch.address;branch.manager;branch.name;branch.phone,db.commit
POST,/branches/{branch_id}/suspend,routers.branches.suspend_branch,Kharazmi_Server/routers/branches.py:96,"path:branch_id:integer:required | header:authorization:{'anyOf': [{'type': 'string'}, {'type': 'null'}], 'title': 'Authorization'}:optional","نامشخص; static_return_keys=status,message",Branch,نامشخص,branch.active,db.commit
POST,/calendar/check_conflicts,routers.calendar.check_scheduling_conflicts,Kharazmi_Server/routers/calendar.py:76,"header:authorization:{'anyOf': [{'type': 'string'}, {'type': 'null'}], 'title': 'Authorization'}:optional | body:ConflictCheckRequest:required",ConflictCheckResponse; static_return_keys=نامشخص,Course;Enrollment;Resource;ResourceBooking;Student,نامشخص,course_id;is_deleted,نامشخص
GET,/calendar/events,routers.calendar.get_calendar_events,Kharazmi_Server/routers/calendar.py:153,"header:authorization:{'anyOf': [{'type': 'string'}, {'type': 'null'}], 'title': 'Authorization'}:optional",نامشخص; static_return_keys=نامشخص,Course;Enrollment;Grade;Homework;Installment;models.UserSession,نامشخص,amount;course_id;enrollment_id;is_deleted,نامشخص
POST,/classes/create,routers.classes.create_class,Kharazmi_Server/routers/classes.py:83,"query:override:boolean:optional | header:authorization:{'anyOf': [{'type': 'string'}, {'type': 'null'}], 'title': 'Authorization'}:optional | body:CourseCreate:required","نامشخص; static_return_keys=status,message,id,code,clash_course",Course,new_course,course.teacher_id,db.add;db.commit
GET,/classes/deletion_requests,routers.classes.list_class_deletion_requests,Kharazmi_Server/routers/classes.py:1123,"query:status:{'anyOf': [{'type': 'string'}, {'type': 'null'}], 'title': 'Status'}:optional | header:authorization:{'anyOf': [{'type': 'string'}, {'type': 'null'}], 'title': 'Authorization'}:optional",نامشخص; static_return_keys=نامشخص,Course;Teacher;User;models.ClassDeletionRequest,نامشخص,course_id,نامشخص
POST,/classes/deletion_requests/{request_id}/approve,routers.classes.approve_class_deletion,Kharazmi_Server/routers/classes.py:1164,"path:request_id:integer:required | header:authorization:{'anyOf': [{'type': 'string'}, {'type': 'null'}], 'title': 'Authorization'}:optional",نامشخص; static_return_keys=message,Course;models.ClassDeletionRequest,نامشخص,course_id;is_deleted;req.admin_note;req.decided_at;req.decided_by_user_id;req.status,db.commit
POST,/classes/deletion_requests/{request_id}/reject,routers.classes.reject_class_deletion,Kharazmi_Server/routers/classes.py:1191,"path:request_id:integer:required | header:authorization:{'anyOf': [{'type': 'string'}, {'type': 'null'}], 'title': 'Authorization'}:optional | body:DeletionDecisionRequest:required",نامشخص; static_return_keys=message,models.ClassDeletionRequest,نامشخص,req.admin_note;req.decided_at;req.decided_by_user_id;req.status,db.commit
GET,/classes/list,routers.classes.get_all_classes,Kharazmi_Server/routers/classes.py:150,"query:teacher_name:{'anyOf': [{'type': 'string'}, {'type': 'null'}], 'title': 'Teacher Name'}:optional | query:student_name:{'anyOf': [{'type': 'string'}, {'type': 'null'}], 'title': 'Student Name'}:optional | query:course_name:{'anyOf': [{'type': 'string'}, {'type': 'null'}], 'title': 'Course Name'}:optional | query:grade_level:{'anyOf': [{'type': 'string'}, {'type': 'null'}], 'title': 'Grade Level'}:optional | query:start_year:{'anyOf': [{'type': 'string'}, {'type': 'null'}], 'title': 'Start Year'}:optional | header:authorization:{'anyOf': [{'type': 'string'}, {'type': 'null'}], 'title': 'Authorization'}:optional",نامشخص; static_return_keys=نامشخص,Course;Enrollment;SessionLog;Student;Teacher,نامشخص,course_id;is_deleted,نامشخص
GET,/classes/pending_approval,routers.classes.pending_classes_for_admin,Kharazmi_Server/routers/classes.py:1304,"header:authorization:{'anyOf': [{'type': 'string'}, {'type': 'null'}], 'title': 'Authorization'}:optional",نامشخص; static_return_keys=نامشخص,Course,نامشخص,is_deleted,نامشخص
POST,/classes/pending_approval/bulk_approve,routers.classes.bulk_approve_classes,Kharazmi_Server/routers/classes.py:1330,"header:authorization:{'anyOf': [{'type': 'string'}, {'type': 'null'}], 'title': 'Authorization'}:optional | body:BulkClassDecisionRequest:required","نامشخص; static_return_keys=approved_count,course_ids",Course,نامشخص,is_deleted,db.commit
POST,/classes/pending_approval/bulk_reject,routers.classes.bulk_reject_classes,Kharazmi_Server/routers/classes.py:1354,"header:authorization:{'anyOf': [{'type': 'string'}, {'type': 'null'}], 'title': 'Authorization'}:optional | body:BulkClassDecisionRequest:required","نامشخص; static_return_keys=rejected_count,course_ids,reason",Course,نامشخص,is_deleted,db.commit
PUT,/classes/update,routers.classes.update_class_by_admin,Kharazmi_Server/routers/classes.py:1371,"query:course_id:integer:required | header:authorization:{'anyOf': [{'type': 'string'}, {'type': 'null'}], 'title': 'Authorization'}:optional | body:ClassAdminUpdateModel:required","نامشخص; static_return_keys=message,course_id",Attendance;Course;Enrollment;SessionLog.id;models.Settlement,"ActivityLog(admin_username='group6', action='class_update', target_id=course.id, target_name=course.title, details=json.dumps({'teacher_id': new_teacher, 'days_of_week': new_days, 'class_time': new_time, 'capacity': course.capacity, 'is_paused': course.is_paused}, ensure_ascii=False))",course.capacity;course.class_time;course.days_of_week;course.grade_level;course.is_paused;course.teacher_id;course.title;course_id;is_deleted;is_reversed,db.add;db.commit
PUT,/classes/update_info/{course_id},routers.classes.update_class_info,Kharazmi_Server/routers/classes.py:1226,"path:course_id:integer:required | header:authorization:{'anyOf': [{'type': 'string'}, {'type': 'null'}], 'title': 'Authorization'}:optional | body:ClassUpdateInfoModel:required",نامشخص; static_return_keys=message,Course,نامشخص,course.grade_level;course.title;is_deleted,db.commit
GET,/classes/{class_id}/students_full/excel,routers.classes.get_class_students_excel,Kharazmi_Server/routers/classes.py:710,"path:class_id:integer:required | header:authorization:{'anyOf': [{'type': 'string'}, {'type': 'null'}], 'title': 'Authorization'}:optional",نامشخص; static_return_keys=نامشخص,Attendance;Course;Enrollment;SessionLog;Student,نامشخص,"cell.alignment;cell.fill;cell.font;course_id;is_deleted;ws.cell(row=1, column=1).font;ws.cell(row=1, column=3).font;ws.cell(row=row_num, column=10).number_format;ws.cell(row=row_num, column=11).number_format;ws.cell(row=row_num, column=3).number_format;ws.cell(row=row_num, column=6).number_format;ws.cell(row=row_num, column=7).number_format;ws.cell(row=row_num, column=8).number_format;ws.cell(row=row_num, column=9).number_format;ws.column_dimensions[col_letter].width;ws.title;ws.views.sheetView[0].rightToLeft",StreamingResponse;Workbook
DELETE,/classes/{course_id},routers.classes.delete_class_endpoint,Kharazmi_Server/routers/classes.py:960,"path:course_id:integer:required | query:forgive_session_charges:boolean:optional | header:authorization:{'anyOf': [{'type': 'string'}, {'type': 'null'}], 'title': 'Authorization'}:optional",نامشخص; static_return_keys=message,Course,"models.ClassDeletionRequest(course_id=course.id, requested_by_role='admin', requested_by_user_id=_actor_user_id, forgive_session_charges=forgive_session_charges, status='approved', snapshot_json=json.dumps(snapshot, ensure_ascii=False, default=str), decided_at=datetime.datetime.now(), decided_by_user_id=_actor_user_id)",is_deleted,db.add;db.commit
GET,/classes/{course_id}/details,routers.classes.get_class_details,Kharazmi_Server/routers/classes.py:301,"path:course_id:integer:required | header:authorization:{'anyOf': [{'type': 'string'}, {'type': 'null'}], 'title': 'Authorization'}:optional","نامشخص; static_return_keys=course_info,students",Course;Enrollment;Student;Teacher,نامشخص,course_id;is_deleted,نامشخص
POST,/classes/{course_id}/request_delete,routers.classes.request_class_deletion,Kharazmi_Server/routers/classes.py:1080,"path:course_id:integer:required | header:authorization:{'anyOf': [{'type': 'string'}, {'type': 'null'}], 'title': 'Authorization'}:optional | body:DeletionRequestCreate:required","نامشخص; static_return_keys=request_id,status,message",Course;Teacher;models.ClassDeletionRequest,req,course_id;is_deleted,db.add;db.commit
POST,/classes/{course_id}/suspend,routers.classes.suspend_class,Kharazmi_Server/routers/classes.py:353,"path:course_id:integer:required | header:authorization:{'anyOf': [{'type': 'string'}, {'type': 'null'}], 'title': 'Authorization'}:optional","نامشخص; static_return_keys=message,is_suspended",Course,نامشخص,course.is_suspended,db.commit
GET,/classes/{id}/full_report,routers.classes.get_class_full_report,Kharazmi_Server/routers/classes.py:588,"path:id:integer:required | header:authorization:{'anyOf': [{'type': 'string'}, {'type': 'null'}], 'title': 'Authorization'}:optional",نامشخص; static_return_keys=نامشخص,Attendance;Course;Enrollment;SessionLog;Student;Teacher,نامشخص,course_id;is_deleted,نامشخص
GET,/classes/{id}/students_full,routers.classes.get_class_students_full,Kharazmi_Server/routers/classes.py:819,"path:id:integer:required | header:authorization:{'anyOf': [{'type': 'string'}, {'type': 'null'}], 'title': 'Authorization'}:optional","نامشخص; static_return_keys=course_info,students",Attendance;Course;Enrollment;SessionLog;Student;Teacher,نامشخص,course_id;is_deleted;wallet_institute;wallet_teacher,نامشخص
GET,/config/share,routers.admin.get_share_config,Kharazmi_Server/routers/admin.py:591,"header:authorization:{'anyOf': [{'type': 'string'}, {'type': 'null'}], 'title': 'Authorization'}:optional",نامشخص; static_return_keys=نامشخص,InstituteShare,config,نامشخص,db.add;db.commit;db.refresh
POST,/config/share/update,routers.admin.update_share_config,Kharazmi_Server/routers/admin.py:604,"header:authorization:{'anyOf': [{'type': 'string'}, {'type': 'null'}], 'title': 'Authorization'}:optional | body:ShareConfigModel:required",نامشخص; static_return_keys=message,InstituteShare,config,config.count_1;config.count_10;config.count_11;config.count_12;config.count_13;config.count_14;config.count_15;config.count_2;config.count_3;config.count_4;config.count_5;config.count_6;config.count_7;config.count_8;config.count_9,db.add;db.commit
POST,/crm/leads/create,routers.crm.create_crm_lead,Kharazmi_Server/routers/crm.py:92,"header:authorization:{'anyOf': [{'type': 'string'}, {'type': 'null'}], 'title': 'Authorization'}:optional | body:LeadCreateRequest:required",LeadResponseModel; static_return_keys=نامشخص,Branch,new_lead,نامشخص,db.add;db.commit;db.refresh
GET,/crm/leads/list,routers.crm.get_crm_leads_list,Kharazmi_Server/routers/crm.py:133,"header:authorization:{'anyOf': [{'type': 'string'}, {'type': 'null'}], 'title': 'Authorization'}:optional",List[LeadResponseModel]; static_return_keys=نامشخص,Lead,نامشخص,نامشخص,نامشخص
POST,/crm/leads/{id}/convert,routers.crm.convert_lead_to_student,Kharazmi_Server/routers/crm.py:167,"path:id:integer:required | query:course_id:{'anyOf': [{'type': 'integer'}, {'type': 'null'}], 'title': 'Course Id'}:optional | header:authorization:{'anyOf': [{'type': 'string'}, {'type': 'null'}], 'title': 'Authorization'}:optional","نامشخص; static_return_keys=message,student_id",Course;Lead;Student,enroll;new_student,lead.converted_at;lead.converted_student_id;lead.status,db.add;db.commit;db.flush
POST,/crm/leads/{id}/notes,routers.crm.add_lead_notes,Kharazmi_Server/routers/crm.py:145,"path:id:integer:required | header:authorization:{'anyOf': [{'type': 'string'}, {'type': 'null'}], 'title': 'Authorization'}:optional | body:LeadNoteRequest:required",نامشخص; static_return_keys=message,Lead,نامشخص,lead.next_follow_up;lead.notes;lead.status,db.commit
POST,/crm/register_online,routers.crm.public_online_registration,Kharazmi_Server/routers/crm.py:253,body:OnlineRegisterRequest:required,"نامشخص; static_return_keys=status,message,student_id,enrollment_id,is_new_student",Course;Enrollment;Student,"SmsLog(target_group=f'online_reg_{student.id}', message_text=msg, sent_count=1, date=datetime.datetime.now().strftime('%Y/%m/%d %H:%M'));Transaction(student_id=student.id, course_id=req.course_id, enrollment_id=enroll.id, branch_id=student.branch_id if student.branch_id is not None else course.branch_id, amount=req.paid_amount, payment_method=req.payment_method, date=today, type='tuition', target_wallet='institute', description='ثبت\u200cنام آنلاین و پرداخت پیش\u200cپرداخت شهریه');enroll;student",course_id;student.wallet_institute;wallet_institute,NotificationService.send_notification;SmsLog;db.add;db.commit;db.flush
GET,/dashboard/branch_stats,routers.branches.get_branch_stats,Kharazmi_Server/routers/branches.py:229,"query:branch_id:{'anyOf': [{'type': 'integer'}, {'type': 'null'}], 'title': 'Branch Id'}:optional | query:_:{'anyOf': [{'type': 'string'}, {'type': 'null'}], 'title': ' '}:optional | header:authorization:{'anyOf': [{'type': 'string'}, {'type': 'null'}], 'title': 'Authorization'}:optional","نامشخص; static_return_keys=revenue_by_branch,students_by_branch,teachers_by_branch,classes_by_branch,attendance_by_branch,branch_id,branch_name,statistics",Branch;Course;SessionLog;Student;Teacher;User;models.Room;models.UserSession,نامشخص,amount;course_id;is_deleted,نامشخص
GET,/dashboard/kpis,routers.dashboard.get_dashboard_kpis,Kharazmi_Server/routers/dashboard.py:56,"header:authorization:{'anyOf': [{'type': 'string'}, {'type': 'null'}], 'title': 'Authorization'}:optional",DashboardKPIs; static_return_keys=نامشخص,نامشخص,نامشخص,amount;is_deleted,نامشخص
GET,/dashboard/push_status,routers.dashboard.get_push_status,Kharazmi_Server/routers/dashboard.py:157,"header:authorization:{'anyOf': [{'type': 'string'}, {'type': 'null'}], 'title': 'Authorization'}:optional",PushStatus; static_return_keys=نامشخص,نامشخص,نامشخص,نامشخص,PushStatus
GET,/dashboard/stats,routers.admin.get_dashboard_stats,Kharazmi_Server/routers/admin.py:51,"header:authorization:{'anyOf': [{'type': 'string'}, {'type': 'null'}], 'title': 'Authorization'}:optional","نامشخص; static_return_keys=student_count,class_count,last_transaction,last_course",Course;Enrollment;Student;Teacher;Transaction,نامشخص,amount;enrollment_id;is_deleted;is_reversed,نامشخص
GET,/dunning/drafts,routers.dunning.get_dunning_drafts,Kharazmi_Server/routers/dunning.py:184,"header:authorization:{'anyOf': [{'type': 'string'}, {'type': 'null'}], 'title': 'Authorization'}:optional",List[DunningDraft]; static_return_keys=نامشخص,Installment,نامشخص,amount;enrollment_id;is_deleted,نامشخص
POST,/dunning/send_batch,routers.dunning.send_dunning_batch,Kharazmi_Server/routers/dunning.py:256,"header:authorization:{'anyOf': [{'type': 'string'}, {'type': 'null'}], 'title': 'Authorization'}:optional | body:SendBatchRequest:required","نامشخص; static_return_keys=sent_count,skipped_count,sent_ids,skipped_ids,skipped_reasons,message",Installment,"ActivityLog(admin_username=admin_username, action='dunning_reminder', target_id=inst.id, target_name=student_name, details=suggested, timestamp=datetime.datetime.utcnow());SmsLog(target_group=f'dunning_{inst.id}', message_text=suggested, sent_count=1, date=_jalali_now_str())",amount;enrollment_id;is_deleted,SmsLog;db.add;db.commit
POST,/enrollments/add,routers.classes.add_enrollment,Kharazmi_Server/routers/classes.py:391,"header:authorization:{'anyOf': [{'type': 'string'}, {'type': 'null'}], 'title': 'Authorization'}:optional | body:EnrollmentCreate:required","نامشخص; static_return_keys=message,enrollment_id",Course;Enrollment;Student,"Installment(enrollment_id=new_enroll.id, amount=amount, due_date=due_date, is_paid=False);new_enroll;new_trans",course_id;is_deleted;st.wallet_institute;wallet_institute,db.add;db.commit;db.flush
POST,/enrollments/add_bulk,routers.classes.add_enrollments_bulk,Kharazmi_Server/routers/classes.py:525,"header:authorization:{'anyOf': [{'type': 'string'}, {'type': 'null'}], 'title': 'Authorization'}:optional | body:BulkEnrollmentCreate:required","نامشخص; static_return_keys=message,added_count,rejected_count,added_student_ids,rejected",نامشخص,نامشخص,course_id,نامشخص
DELETE,/enrollments/{enrollment_id},routers.classes.delete_enrollment,Kharazmi_Server/routers/classes.py:573,"path:enrollment_id:integer:required | header:authorization:{'anyOf': [{'type': 'string'}, {'type': 'null'}], 'title': 'Authorization'}:optional",نامشخص; static_return_keys=message,Enrollment,نامشخص,is_deleted,db.commit
POST,/exams/attempts/{attempt_id}/submit,routers.exams.submit_exam_attempt,Kharazmi_Server/routers/exams.py:229,"path:attempt_id:integer:required | header:authorization:{'anyOf': [{'type': 'string'}, {'type': 'null'}], 'title': 'Authorization'}:optional | body:AttemptSubmitRequest:required","نامشخص; static_return_keys=message,is_graded,score",Exam;ExamAttempt;ExamQuestion;Student;models.UserSession,new_grade,attempt.graded_by_teacher;attempt.score;attempt.submitted_at;course_id,NotificationService.send_notification;db.add;db.commit
POST,/exams/attempts/{exam_id}/start,routers.exams.start_exam_attempt,Kharazmi_Server/routers/exams.py:163,"path:exam_id:integer:required | header:authorization:{'anyOf': [{'type': 'string'}, {'type': 'null'}], 'title': 'Authorization'}:optional","نامشخص; static_return_keys=attempt_id,duration,questions",Enrollment;Exam;ExamAttempt;ExamQuestion;models.UserSession,new_attempt,course_id;is_deleted,db.add;db.commit;db.refresh
POST,/exams/create,routers.exams.create_exam,Kharazmi_Server/routers/exams.py:45,"header:authorization:{'anyOf': [{'type': 'string'}, {'type': 'null'}], 'title': 'Authorization'}:optional | body:ExamCreateRequest:required","نامشخص; static_return_keys=message,exam_id",Course;Enrollment;Student,new_exam,course_id;is_deleted,NotificationService.send_notification;db.add;db.commit;db.refresh
GET,/exams/student/list,routers.exams.get_student_exams_list,Kharazmi_Server/routers/exams.py:125,"header:authorization:{'anyOf': [{'type': 'string'}, {'type': 'null'}], 'title': 'Authorization'}:optional",نامشخص; static_return_keys=نامشخص,Course;Enrollment;Exam;ExamAttempt;models.UserSession,نامشخص,course_id;is_deleted,نامشخص
POST,/exams/{id}/questions,routers.exams.add_exam_question,Kharazmi_Server/routers/exams.py:95,"path:id:integer:required | header:authorization:{'anyOf': [{'type': 'string'}, {'type': 'null'}], 'title': 'Authorization'}:optional | body:QuestionCreateRequest:required",نامشخص; static_return_keys=message,Exam,new_q,نامشخص,db.add;db.commit
GET,/exports/audit_alerts,routers.exports.export_audit_alerts,Kharazmi_Server/routers/exports.py:228,"header:authorization:{'anyOf': [{'type': 'string'}, {'type': 'null'}], 'title': 'Authorization'}:optional",نامشخص; static_return_keys=نامشخص,نامشخص,نامشخص,نامشخص,نامشخص
GET,/exports/debtors,routers.exports.export_debtors,Kharazmi_Server/routers/exports.py:99,"query:branch_id:{'anyOf': [{'type': 'integer'}, {'type': 'null'}], 'title': 'Branch Id'}:optional | header:authorization:{'anyOf': [{'type': 'string'}, {'type': 'null'}], 'title': 'Authorization'}:optional",نامشخص; static_return_keys=نامشخص,Branch,نامشخص,نامشخص,نامشخص
GET,/exports/overdue_installments,routers.exports.export_overdue_installments,Kharazmi_Server/routers/exports.py:192,"header:authorization:{'anyOf': [{'type': 'string'}, {'type': 'null'}], 'title': 'Authorization'}:optional",نامشخص; static_return_keys=نامشخص,نامشخص,نامشخص,نامشخص,نامشخص
POST,/finance/debtors/remind,routers.finance.remind_debtors,Kharazmi_Server/routers/finance.py:2576,"header:authorization:{'anyOf': [{'type': 'string'}, {'type': 'null'}], 'title': 'Authorization'}:optional | body:DebtorsRemindRequest:required","نامشخص; static_return_keys=message,sent_count,skipped_count,sent,skipped,skipped_reasons",ActivityLog.target_id,"ActivityLog(admin_username=admin_username, action='debtors_reminder', target_id=sid, target_name=row['student_name'], details=text_message, timestamp=datetime.datetime.utcnow());SmsLog(target_group=f'debtor_{sid}', message_text=text_message, sent_count=1, date=_jalali_now_str())",نامشخص,"SmsLog;db.add;db.commit;db.query(ActivityLog.target_id).filter(ActivityLog.action == 'debtors_reminder', ActivityLog.target_id.in_(ids), ActivityLog.timestamp >= cutoff).all"
GET,/finance/installments,routers.finance.get_all_installments,Kharazmi_Server/routers/finance.py:1588,"query:enrollment_id:{'anyOf': [{'type': 'integer'}, {'type': 'null'}], 'title': 'Enrollment Id'}:optional | query:student_id:{'anyOf': [{'type': 'integer'}, {'type': 'null'}], 'title': 'Student Id'}:optional | header:authorization:{'anyOf': [{'type': 'string'}, {'type': 'null'}], 'title': 'Authorization'}:optional",نامشخص; static_return_keys=نامشخص,Course;Enrollment;Installment;UserSession,نامشخص,amount;course_id;enrollment_id;is_deleted,نامشخص
POST,/finance/installments,routers.finance.create_installment,Kharazmi_Server/routers/finance.py:1646,"header:authorization:{'anyOf': [{'type': 'string'}, {'type': 'null'}], 'title': 'Authorization'}:optional | body:InstallmentCreateRequest:required","نامشخص; static_return_keys=message,installment_id",Enrollment;User,"ActivityLog(admin_username=_audit_username, action='create_installment', target_id=new_inst.id, target_name='installment', details=f'ایجاد قسط جدید به مبلغ {req.amount:,} تومان با سررسید {req.due_date}.');new_inst",amount;enrollment_id;is_deleted,db.add;db.commit;db.flush;db.refresh
DELETE,/finance/installments/{installment_id},routers.finance.delete_installment,Kharazmi_Server/routers/finance.py:1764,"path:installment_id:integer:required | query:force:boolean:optional | header:authorization:{'anyOf': [{'type': 'string'}, {'type': 'null'}], 'title': 'Authorization'}:optional",نامشخص; static_return_keys=message,Installment;User,"ActivityLog(admin_username=_audit_username, action='delete_installment', target_id=inst.id, target_name='installment', details=f'حذف قسط #{inst.id} به مبلغ {inst.amount:,} تومان سررسید {inst.due_date}.' + (' [force روی قسط تسویه\u200cشده]' if inst.is_paid else ''))",amount;inst.is_deleted;is_deleted,db.add;db.commit
PUT,/finance/installments/{installment_id},routers.finance.update_installment,Kharazmi_Server/routers/finance.py:1698,"path:installment_id:integer:required | query:force:boolean:optional | query:reason:{'anyOf': [{'type': 'string'}, {'type': 'null'}], 'title': 'Reason'}:optional | header:authorization:{'anyOf': [{'type': 'string'}, {'type': 'null'}], 'title': 'Authorization'}:optional | body:InstallmentUpdateRequest:required",نامشخص; static_return_keys=message,Installment;User,"ActivityLog(admin_username=_audit_username, action='update_installment_amount', target_id=inst.id, target_name='installment', details=f'تغییر مبلغ قسط #{inst.id} از {old_amount:,} به {req.amount:,} تومان.' + (f' [force روی قسط تسویه\u200cشده: {reason.strip()}]' if inst.is_paid else ''))",amount;inst.amount;inst.due_date;inst.is_paid;inst.paid_amount;inst.paid_at;is_deleted,db.add;db.commit
POST,/finance/installments/{installment_id}/pay,routers.finance.pay_installment_manually,Kharazmi_Server/routers/finance.py:1809,"path:installment_id:integer:required | query:branch_id:{'anyOf': [{'type': 'integer'}, {'type': 'null'}], 'title': 'Branch Id'}:optional | query:payment_method:{'anyOf': [{'type': 'string'}, {'type': 'null'}], 'default': 'نقدی', 'title': 'Payment Method'}:optional | header:authorization:{'anyOf': [{'type': 'string'}, {'type': 'null'}], 'title': 'Authorization'}:optional","نامشخص; static_return_keys=message,receipt_id",Enrollment;Installment;Student;User,"ActivityLog(admin_username=_audit_username, action='pay_installment_manual', target_id=inst.id, target_name='installment', details=f'وصول دستی قسط #{inst.id} به مبلغ {_marginal:,} تومان. رسید #{new_trans.id}.');TransactionInstallmentAllocation(transaction_id=new_trans.id, installment_id=installment_id, amount=_marginal);new_trans",amount;course_id;enrollment_id;is_deleted;total_paid;wallet_institute,db.add;db.commit;db.flush;db.refresh
POST,/finance/installments/{installment_id}/remind,routers.finance.send_installment_payment_reminder,Kharazmi_Server/routers/finance.py:1960,"path:installment_id:integer:required | header:authorization:{'anyOf': [{'type': 'string'}, {'type': 'null'}], 'title': 'Authorization'}:optional","نامشخص; static_return_keys=status,message",Enrollment;Installment;Student,"SmsLog(target_group=f'manual_remind_{inst.id}', message_text=msg, sent_count=1, date=_jalali_now_str())",amount;enrollment_id;is_deleted,NotificationService.send_notification;SmsLog;db.add;db.commit
GET,/finance/invoice/{enrollment_id},routers.finance.get_invoice_details,Kharazmi_Server/routers/finance.py:2264,"path:enrollment_id:integer:required | header:authorization:{'anyOf': [{'type': 'string'}, {'type': 'null'}], 'title': 'Authorization'}:optional","نامشخص; static_return_keys=enrollment_id,course_id,student_name,course_title,teacher_id,teacher_name,is_unassigned,base_tuition,discount_type,discount_value,discount_amount,final_tuition,total_paid,balance_due,remaining_tuition,credit_balance,installments",Course;Enrollment;Installment;Student,نامشخص,amount;course_id;enrollment_id;is_deleted,نامشخص
GET,/finance/mock_payment_page,routers.finance.mock_payment_page,Kharazmi_Server/routers/finance.py:1355,query:gateway:string:required | query:authority:string:required | query:amount:integer:required | query:callback:string:required,نامشخص; static_return_keys=نامشخص,نامشخص,نامشخص,نامشخص,HTMLResponse
GET,/finance/parent/dashboard,routers.finance.get_parent_financial_dashboard,Kharazmi_Server/routers/finance.py:2189,"header:authorization:{'anyOf': [{'type': 'string'}, {'type': 'null'}], 'title': 'Authorization'}:optional",نامشخص; static_return_keys=نامشخص,UserSession,نامشخص,نامشخص,نامشخص
POST,/finance/pay,routers.finance.submit_payment,Kharazmi_Server/routers/finance.py:222,"query:branch_id:{'anyOf': [{'type': 'integer'}, {'type': 'null'}], 'title': 'Branch Id'}:optional | header:authorization:{'anyOf': [{'type': 'string'}, {'type': 'null'}], 'title': 'Authorization'}:optional | body:FinanceSubmitData:required","نامشخص; static_return_keys=message,receipt_id,receipt_ids,new_balance_teacher,new_balance_institute",Enrollment;Enrollment.id;Installment;Student,"TransactionInstallmentAllocation(transaction_id=_alloc_receipts[_alloc_idx], installment_id=inst.id, amount=_take);new_trans;trans_i;trans_t",amount;course_id;enrollment_id;is_deleted;t.course_id;t.enrollment_id;t.idempotency_key;total_paid;wallet_institute;wallet_teacher,db.add;db.commit;db.flush;db.refresh
GET,/finance/payment/callback,routers.finance.payment_callback,Kharazmi_Server/routers/finance.py:879,"query:payment_id:integer:required | query:status:string:required | query:gateway_ref:{'anyOf': [{'type': 'string'}, {'type': 'null'}], 'title': 'Gateway Ref'}:optional",نامشخص; static_return_keys=نامشخص,Course;Enrollment;Installment;Student;Student.id;models.Payment,"ActivityLog(admin_username='online_payment_system', action='online_payment_alloc_deferred', target_id=payment.id, target_name='online_payment', details=f'تخصیص خودکار قسط #{inst.id} برای پرداخت وریفای\u200cشده #{payment.id} پس از تلاش ناموفق ماند — مبلغ در کیف/رسید ثبت شد، تخصیص دستی لازم است.');ActivityLog(admin_username='online_payment_system', action='online_payment_enroll_link_lost', target_id=payment.id, target_name='online_payment', details=f'لینک بدهی پرداخت وریفای\u200cشده #{payment.id} (ثبت\u200cنام #{payment.enrollment_id}) حین ثبت از دست رفت — مبلغ {payment.amount:,} در کیف شاگرد #{payment.student_id} شارژ شد، تخصیص دستی لازم است.');ActivityLog(admin_username='online_payment_system', action='online_payment_missing_branch', target_id=payment.id, target_name='online_payment', details=f'شعبه\u200cی پرداخت وریفای\u200cشده #{payment.id} (شاگرد #{payment.student_id}) قابل\u200cتشخیص نیست — رسید بدون\u200cشعبه ثبت شد، تخصیص دستی لازم است.');ActivityLog(admin_username='online_payment_system', action='online_payment_missing_student', target_id=payment.id, target_name='online_payment', details=f'شاگرد #{payment.student_id} پرداخت وریفای\u200cشده #{payment.id} حین ثبت حذف شده بود (مبلغ {payment.amount:,}) — شارژ نشد، مغایرت\u200cگیری دستی لازم است.');ActivityLog(admin_username='online_payment_system', action='online_payment_success', target_id=student.id, target_name=display_name(student, 'نامشخص'), details=f'پرداخت آنلاین موفق به مبلغ {payment.amount:,} تومان به کیف پول {payment.target_wallet}. شماره تراکنش: {new_trans.id}');ActivityLog(admin_username='online_payment_system', action='targeted_installment_mismatch', target_id=payment.id, target_name='online_payment', details=f'نیت هدفمند نامعتبر خنثی شد: قسط #{target_inst.id} (ثبت\u200cنام #{target_inst.enrollment_id}) متعلق به شاگرد #{payment.student_id} / ثبت\u200cنام {payment.enrollment_id} نیست — fallback اعمال شد.');ActivityLog(admin_username='online_payment_system', action=_bad_action, target_id=payment.id, target_name='online_payment', details=_bad_details);SmsLog(target_group=f'online_pay_{payment.id}', message_text=msg_sms, sent_count=1, date=today_str);TransactionInstallmentAllocation(transaction_id=new_trans.id, installment_id=inst.id, amount=_cover);TransactionInstallmentAllocation(transaction_id=new_trans.id, installment_id=target_inst.id, amount=_tfull - _talready);new_trans",amount;course_id;enrollment_id;is_deleted;total_paid;wallet_institute;wallet_teacher,HTMLResponse;NotificationService.send_notification;SmsLog;db.add;db.commit;db.flush;db.refresh
POST,/finance/payment/initiate,routers.finance.initiate_online_payment,Kharazmi_Server/routers/finance.py:799,"header:authorization:{'anyOf': [{'type': 'string'}, {'type': 'null'}], 'title': 'Authorization'}:optional | body:PaymentInitiateRequest:required",نامشخص; static_return_keys=نامشخص,نامشخص,نامشخص,نامشخص,نامشخص
POST,/finance/receipt/pdf,routers.finance.generate_pdf_receipt,Kharazmi_Server/routers/finance.py:609,"header:authorization:{'anyOf': [{'type': 'string'}, {'type': 'null'}], 'title': 'Authorization'}:optional | body:PrintReceiptRequest:required","نامشخص; static_return_keys=status,message,pdf_url,filename,receipt_data",Student;Transaction,نامشخص,amount;is_deleted;is_reversed,نامشخص
POST,/finance/receipt/print,routers.finance.print_receipt,Kharazmi_Server/routers/finance.py:566,"header:authorization:{'anyOf': [{'type': 'string'}, {'type': 'null'}], 'title': 'Authorization'}:optional | body:PrintReceiptRequest:required","نامشخص; static_return_keys=status,message,print_job_id,receipt_data",Student;Transaction,نامشخص,amount;is_deleted;is_reversed,نامشخص
GET,/finance/receipt/{transaction_id},routers.finance.get_receipt_details,Kharazmi_Server/routers/finance.py:2214,"path:transaction_id:integer:required | header:authorization:{'anyOf': [{'type': 'string'}, {'type': 'null'}], 'title': 'Authorization'}:optional","نامشخص; static_return_keys=transaction_id,remittance_number,student_name,student_national_code,amount,payment_method,tracking_code,date,description,course_name,target_wallet,type,is_reversed",Course;Enrollment;Student;Transaction,نامشخص,amount;course_id;is_deleted;is_reversed,نامشخص
GET,/finance/reports/debtors_grouped,routers.finance.get_debtors_grouped,Kharazmi_Server/routers/finance.py:2500,"query:branch_id:{'anyOf': [{'type': 'integer'}, {'type': 'null'}], 'title': 'Branch Id'}:optional | query:search:{'anyOf': [{'type': 'string'}, {'type': 'null'}], 'title': 'Search'}:optional | header:authorization:{'anyOf': [{'type': 'string'}, {'type': 'null'}], 'title': 'Authorization'}:optional","نامشخص; static_return_keys=total_debt,debtors_count,by_teacher,by_age,unassigned_debt,rows",نامشخص,نامشخص,نامشخص,نامشخص
GET,/finance/reports/debtors_list,routers.finance.get_debtors_list,Kharazmi_Server/routers/finance.py:2486,"query:branch_id:{'anyOf': [{'type': 'integer'}, {'type': 'null'}], 'title': 'Branch Id'}:optional | query:search:{'anyOf': [{'type': 'string'}, {'type': 'null'}], 'title': 'Search'}:optional | header:authorization:{'anyOf': [{'type': 'string'}, {'type': 'null'}], 'title': 'Authorization'}:optional",نامشخص; static_return_keys=نامشخص,نامشخص,نامشخص,نامشخص,نامشخص
GET,/finance/reports/revenue_summary,routers.finance.get_revenue_summary,Kharazmi_Server/routers/finance.py:2654,"header:authorization:{'anyOf': [{'type': 'string'}, {'type': 'null'}], 'title': 'Authorization'}:optional","نامشخص; static_return_keys=revenue_by_wallet,totals",Transaction,نامشخص,amount;is_deleted;is_reversed,نامشخص
GET,/finance/reports/teacher_settlements_summary,routers.finance.get_teacher_settlements_summary,Kharazmi_Server/routers/finance.py:2709,"header:authorization:{'anyOf': [{'type': 'string'}, {'type': 'null'}], 'title': 'Authorization'}:optional",نامشخص; static_return_keys=نامشخص,Attendance.session_id;Course;SessionLog;SessionLog.absent_penalty_teacher;SessionLog.final_teacher_cost;SessionLog.id;SessionLog.is_penalty_settled;Teacher;models.Settlement,نامشخص,course_id;is_deleted,نامشخص
GET,/finance/search_advanced,routers.finance.search_finance_advanced,Kharazmi_Server/routers/finance.py:49,"query:query:string:required | query:branch_id:{'anyOf': [{'type': 'integer'}, {'type': 'null'}], 'title': 'Branch Id'}:optional | header:authorization:{'anyOf': [{'type': 'string'}, {'type': 'null'}], 'title': 'Authorization'}:optional",نامشخص; static_return_keys=نامشخص,Course;Course.id;Enrollment;Enrollment.student_id;Student;Teacher,نامشخص,course_id;is_deleted;wallet_institute;wallet_teacher,نامشخص
GET,/finance/student/{student_id}/dashboard,routers.finance.get_student_financial_dashboard,Kharazmi_Server/routers/finance.py:2076,"path:student_id:integer:required | header:authorization:{'anyOf': [{'type': 'string'}, {'type': 'null'}], 'title': 'Authorization'}:optional","نامشخص; static_return_keys=wallet,enrollments,installments,recent_transactions",Course;Enrollment;Installment;Student;Transaction,نامشخص,amount;course_id;enrollment_id;is_deleted;is_reversed;wallet_institute;wallet_teacher,نامشخص
GET,/finance/student/{student_id}/payments,routers.finance.get_student_online_payments,Kharazmi_Server/routers/finance.py:2021,"path:student_id:integer:required | header:authorization:{'anyOf': [{'type': 'string'}, {'type': 'null'}], 'title': 'Authorization'}:optional",نامشخص; static_return_keys=نامشخص,models.Payment,نامشخص,amount,نامشخص
GET,/finance/student/{student_id}/transactions,routers.finance.get_student_physical_transactions,Kharazmi_Server/routers/finance.py:2047,"path:student_id:integer:required | header:authorization:{'anyOf': [{'type': 'string'}, {'type': 'null'}], 'title': 'Authorization'}:optional",نامشخص; static_return_keys=نامشخص,Transaction,نامشخص,amount;is_deleted;is_reversed,نامشخص
GET,/finance/student_class_status,routers.finance.get_student_class_status,Kharazmi_Server/routers/finance.py:656,"query:student_id:integer:required | query:course_id:{'anyOf': [{'type': 'integer'}, {'type': 'null'}], 'title': 'Course Id'}:optional | query:course_code:{'anyOf': [{'type': 'string'}, {'type': 'null'}], 'title': 'Course Code'}:optional | header:authorization:{'anyOf': [{'type': 'string'}, {'type': 'null'}], 'title': 'Authorization'}:optional","نامشخص; static_return_keys=total_amount,paid_to_teacher,paid_to_institute,due_to_teacher,due_to_institute,remaining_tuition,credit_balance,course_id,course_title,teacher_id,teacher_name,is_unassigned,enrollment_id",Course;Enrollment;Student,نامشخص,course_id;is_deleted,نامشخص
POST,/finance/transaction/{transaction_id}/refund,routers.finance.refund_transaction,Kharazmi_Server/routers/finance.py:1394,"path:transaction_id:integer:required | header:authorization:{'anyOf': [{'type': 'string'}, {'type': 'null'}], 'title': 'Authorization'}:optional","نامشخص; static_return_keys=status,message,refund_transaction_id",Enrollment;Installment;Student;Transaction;Transaction.id;TransactionInstallmentAllocation;User,"ActivityLog(admin_username=_audit_username, action='transaction_refund', target_id=student.id, target_name=display_name(student, 'نامشخص'), details=f'استرداد تراکنش #{trans.id} به مبلغ {trans.amount:,} تومان و کسر از کیف پول {trans.target_wallet}.');reversal_trans",amount;course_id;enrollment_id;is_deleted;is_reversed;share_institute;share_teacher;total_paid;wallet_institute;wallet_teacher,db.add;db.commit;db.refresh
POST,/grades/submit,routers.students.submit_grade,Kharazmi_Server/routers/students.py:338,"header:authorization:{'anyOf': [{'type': 'string'}, {'type': 'null'}], 'title': 'Authorization'}:optional | body:GradeCreate:required",نامشخص; static_return_keys=message,Course;Student,new_grade,course_id,NotificationService.send_notification;db.add;db.commit
POST,/homework/create,routers.homework.create_homework,Kharazmi_Server/routers/homework.py:64,"header:authorization:{'anyOf': [{'type': 'string'}, {'type': 'null'}], 'title': 'Authorization'}:optional | body:HomeworkCreateRequest:required",HomeworkResponseModel; static_return_keys=نامشخص,Course;Enrollment;Student,new_hw,course_id;is_deleted,NotificationService.send_notification;db.add;db.commit;db.refresh
GET,/homework/parent/child/{student_id},routers.homework.get_parent_child_homework,Kharazmi_Server/routers/homework.py:300,"path:student_id:integer:required | header:authorization:{'anyOf': [{'type': 'string'}, {'type': 'null'}], 'title': 'Authorization'}:optional",نامشخص; static_return_keys=نامشخص,Course;Enrollment;Homework;HomeworkSubmission;models.UserSession,نامشخص,course_id;is_deleted,نامشخص
GET,/homework/student/list,routers.homework.get_student_homework_list,Kharazmi_Server/routers/homework.py:147,"header:authorization:{'anyOf': [{'type': 'string'}, {'type': 'null'}], 'title': 'Authorization'}:optional",نامشخص; static_return_keys=نامشخص,Course;Enrollment;Homework;HomeworkSubmission;models.UserSession,نامشخص,course_id;is_deleted,نامشخص
POST,/homework/submissions/{homework_id}/submit,routers.homework.submit_homework_file,Kharazmi_Server/routers/homework.py:186,"path:homework_id:integer:required | header:authorization:{'anyOf': [{'type': 'string'}, {'type': 'null'}], 'title': 'Authorization'}:optional | body:Body_submit_homework_file_homework_submissions__homework_id__submit_post:required","نامشخص; static_return_keys=message,file_path",Enrollment;Homework;HomeworkSubmission;models.UserSession,submission,course_id;is_deleted;submission.file_path;submission.status,db.add;db.commit
POST,/homework/submissions/{sub_id}/grade,routers.homework.grade_homework_submission,Kharazmi_Server/routers/homework.py:253,"path:sub_id:integer:required | header:authorization:{'anyOf': [{'type': 'string'}, {'type': 'null'}], 'title': 'Authorization'}:optional | body:GradeSubmissionRequest:required",نامشخص; static_return_keys=message,Homework;HomeworkSubmission;Student,نامشخص,sub.feedback;sub.score;sub.status,NotificationService.send_notification;db.commit
DELETE,/homework/{id},routers.homework.delete_homework,Kharazmi_Server/routers/homework.py:124,"path:id:integer:required | header:authorization:{'anyOf': [{'type': 'string'}, {'type': 'null'}], 'title': 'Authorization'}:optional",نامشخص; static_return_keys=message,Homework;HomeworkSubmission,hw,نامشخص,db.commit;db.delete
POST,/messages/broadcast,routers.messages.send_broadcast_message,Kharazmi_Server/routers/messages.py:242,"header:authorization:{'anyOf': [{'type': 'string'}, {'type': 'null'}], 'title': 'Authorization'}:optional | body:BroadcastMessageRequest:required",نامشخص; static_return_keys=message,Course;Enrollment;Student;Teacher;models.UserSession,conv;msg;part;self_part,course_id;is_deleted,NotificationService.send_notification;db.add;db.commit;db.flush;resolve_notification_recipient
GET,/messages/conversations,routers.messages.get_my_conversations,Kharazmi_Server/routers/messages.py:53,"header:authorization:{'anyOf': [{'type': 'string'}, {'type': 'null'}], 'title': 'Authorization'}:optional",نامشخص; static_return_keys=نامشخص,Conversation;ConversationParticipant;Message;models.UserSession,نامشخص,is_deleted,نامشخص
POST,/messages/conversations/create,routers.messages.create_conversation,Kharazmi_Server/routers/messages.py:93,"header:authorization:{'anyOf': [{'type': 'string'}, {'type': 'null'}], 'title': 'Authorization'}:optional | body:ConversationCreateRequest:required","نامشخص; static_return_keys=message,conversation_id",Student;Teacher;User;models.UserSession,new_conv;other_part;self_part,is_deleted,db.add;db.commit;db.flush
GET,/messages/conversations/{id}/history,routers.messages.get_conversation_history,Kharazmi_Server/routers/messages.py:145,"path:id:integer:required | header:authorization:{'anyOf': [{'type': 'string'}, {'type': 'null'}], 'title': 'Authorization'}:optional",نامشخص; static_return_keys=نامشخص,ConversationParticipant;Message;models.UserSession,نامشخص,is_deleted,نامشخص
POST,/messages/conversations/{id}/pin,routers.messages.toggle_conversation_pin,Kharazmi_Server/routers/messages.py:323,"path:id:integer:required | header:authorization:{'anyOf': [{'type': 'string'}, {'type': 'null'}], 'title': 'Authorization'}:optional | body:PinToggleRequest:required",نامشخص; static_return_keys=is_pinned,Conversation;ConversationParticipant;models.UserSession,نامشخص,conv.pinned_by,db.commit
POST,/messages/conversations/{id}/send,routers.messages.send_message,Kharazmi_Server/routers/messages.py:176,"path:id:integer:required | header:authorization:{'anyOf': [{'type': 'string'}, {'type': 'null'}], 'title': 'Authorization'}:optional | body:MessageSendRequest:required",نامشخص; static_return_keys=message,ConversationParticipant;models.UserSession,new_msg,نامشخص,NotificationService.send_notification;db.add;db.commit;resolve_notification_recipient
DELETE,/messages/{id},routers.messages.delete_own_message,Kharazmi_Server/routers/messages.py:221,"path:id:integer:required | header:authorization:{'anyOf': [{'type': 'string'}, {'type': 'null'}], 'title': 'Authorization'}:optional",نامشخص; static_return_keys=message,Message;models.UserSession,نامشخص,is_deleted;msg.is_deleted,db.commit
GET,/notifications,routers.auth.get_notifications,Kharazmi_Server/routers/auth.py:622,"header:authorization:{'anyOf': [{'type': 'string'}, {'type': 'null'}], 'title': 'Authorization'}:optional",نامشخص; static_return_keys=نامشخص,Notification,نامشخص,نامشخص,"db.query(Notification).filter;db.query(Notification).filter(Notification.recipient_user_id == current_user.id, Notification.recipient_role == role).order_by;db.query(Notification).filter(Notification.recipient_user_id == current_user.id, Notification.recipient_role == role).order_by(desc(Notification.created_at)).all;resolve_notification_role"
POST,/notifications/read_all,routers.auth.mark_all_notifications_read,Kharazmi_Server/routers/auth.py:684,"header:authorization:{'anyOf': [{'type': 'string'}, {'type': 'null'}], 'title': 'Authorization'}:optional",نامشخص; static_return_keys=message,Notification,نامشخص,نامشخص,"db.commit;db.query(Notification).filter;db.query(Notification).filter(Notification.recipient_user_id == current_user.id, Notification.recipient_role == role).update;resolve_notification_role"
GET,/notifications/unread_count,routers.auth.get_unread_notifications_count,Kharazmi_Server/routers/auth.py:652,"header:authorization:{'anyOf': [{'type': 'string'}, {'type': 'null'}], 'title': 'Authorization'}:optional","نامشخص; static_return_keys=unread,total",Notification,نامشخص,نامشخص,"Notification.is_read.is_;base.filter(or_(Notification.is_read.is_(None), Notification.is_read == False)).count;db.query(Notification).filter;resolve_notification_role"
POST,/notifications/{id}/read,routers.auth.mark_notification_read,Kharazmi_Server/routers/auth.py:669,"path:id:integer:required | header:authorization:{'anyOf': [{'type': 'string'}, {'type': 'null'}], 'title': 'Authorization'}:optional",نامشخص; static_return_keys=message,Notification,نامشخص,notif.is_read,"db.commit;db.query(Notification).filter;db.query(Notification).filter(Notification.id == id, Notification.recipient_user_id == current_user.id, Notification.recipient_role == role).first;resolve_notification_role"
GET,/parent/child_profile,routers.parent.get_parent_child_profile,Kharazmi_Server/routers/parent.py:299,"header:authorization:{'anyOf': [{'type': 'string'}, {'type': 'null'}], 'title': 'Authorization'}:optional","نامشخص; static_return_keys=info,classes,wallet,grades,averages,attendance,installments,homework,exams,upcoming_sessions,notifications",Attendance;Course;Enrollment;Grade;Installment;SessionLog,نامشخص,amount;course_id;enrollment_id;is_deleted;wallet_balance;wallet_institute;wallet_teacher,_portal_notifications
POST,/parent/login,routers.parent.parent_login,Kharazmi_Server/routers/parent.py:114,body:ParentLoginRequest:required,"نامشخص; static_return_keys=status,multiple_children,token,student_name,temp_token,children",ParentOTP;Student,new_session,is_deleted;latest.attempts;latest.is_locked;latest.locked_until;otp_record.is_used,db.add;db.commit
GET,/parent/portal,routers.parent.get_parent_portal_page,Kharazmi_Server/routers/parent.py:448,none,نامشخص; static_return_keys=نامشخص,InstituteSettings,settings,نامشخص,db.add;db.commit;db.refresh
POST,/parent/request_otp,routers.parent.request_parent_otp,Kharazmi_Server/routers/parent.py:30,body:ParentOtpRequest:required,"نامشخص; static_return_keys=status,message",InstituteSettings;ParentOTP;Student,"SmsLog(target_group=f'otp_{mobile}', message_text=msg, sent_count=1, date=today);new_otp",is_deleted,SmsLog;db.add;db.commit
POST,/parent/select_child,routers.parent.parent_select_child,Kharazmi_Server/routers/parent.py:212,body:ChildSelectRequest:required,"نامشخص; static_return_keys=status,token,student_name",Student,new_session;temp_session,is_deleted,db.add;db.commit;db.delete
GET,/reports/chart-data,routers.reports.get_chart_data,Kharazmi_Server/routers/reports.py:162,"query:class_id:{'anyOf': [{'type': 'integer'}, {'type': 'null'}], 'title': 'Class Id'}:optional | query:start_date:{'anyOf': [{'type': 'string'}, {'type': 'null'}], 'title': 'Start Date'}:optional | query:end_date:{'anyOf': [{'type': 'string'}, {'type': 'null'}], 'title': 'End Date'}:optional | header:authorization:{'anyOf': [{'type': 'string'}, {'type': 'null'}], 'title': 'Authorization'}:optional","نامشخص; static_return_keys=income_chart,student_chart,attendance_trend,shares_chart",Attendance.session_id;Attendance.status;SessionLog;Student;Transaction;Transaction.date;User;UserSession,نامشخص,course_id;is_deleted;is_reversed;share_institute;share_teacher,نامشخص
GET,/reports/debtors,routers.reports.get_debtors_report,Kharazmi_Server/routers/reports.py:446,"query:branch_id:{'anyOf': [{'type': 'integer'}, {'type': 'null'}], 'title': 'Branch Id'}:optional | header:authorization:{'anyOf': [{'type': 'string'}, {'type': 'null'}], 'title': 'Authorization'}:optional",نامشخص; static_return_keys=نامشخص,نامشخص,نامشخص,نامشخص,نامشخص
GET,/reports/debtors/excel,routers.reports.get_debtors_excel,Kharazmi_Server/routers/reports.py:477,"query:branch_id:{'anyOf': [{'type': 'integer'}, {'type': 'null'}], 'title': 'Branch Id'}:optional | header:authorization:{'anyOf': [{'type': 'string'}, {'type': 'null'}], 'title': 'Authorization'}:optional",نامشخص; static_return_keys=نامشخص,نامشخص,نامشخص,"cell.alignment;cell.fill;cell.font;ws.cell(row=row_num, column=3).number_format;ws.cell(row=row_num, column=4).number_format;ws.cell(row=row_num, column=5).number_format;ws.column_dimensions[col_letter].width;ws.title;ws.views.sheetView[0].rightToLeft",StreamingResponse;Workbook
GET,/reports/financial,routers.reports.get_financial_report,Kharazmi_Server/routers/reports.py:314,"query:start_date:string:optional | query:end_date:string:optional | query:branch_id:{'anyOf': [{'type': 'integer'}, {'type': 'null'}], 'title': 'Branch Id'}:optional | query:teacher_id:{'anyOf': [{'type': 'integer'}, {'type': 'null'}], 'title': 'Teacher Id'}:optional | header:authorization:{'anyOf': [{'type': 'string'}, {'type': 'null'}], 'title': 'Authorization'}:optional",نامشخص; static_return_keys=نامشخص,Course;Course.id;Enrollment;Student;Teacher;Transaction;models.Branch,نامشخص,amount;course_id;enrollment_id;is_deleted;is_reversed;share_institute;share_teacher,نامشخص
GET,/reports/financial/excel,routers.reports.get_financial_report_excel,Kharazmi_Server/routers/reports.py:392,"query:start_date:{'anyOf': [{'type': 'string'}, {'type': 'null'}], 'title': 'Start Date'}:optional | query:end_date:{'anyOf': [{'type': 'string'}, {'type': 'null'}], 'title': 'End Date'}:optional | query:branch_id:{'anyOf': [{'type': 'integer'}, {'type': 'null'}], 'title': 'Branch Id'}:optional | query:teacher_id:{'anyOf': [{'type': 'integer'}, {'type': 'null'}], 'title': 'Teacher Id'}:optional | header:authorization:{'anyOf': [{'type': 'string'}, {'type': 'null'}], 'title': 'Authorization'}:optional",نامشخص; static_return_keys=نامشخص,نامشخص,نامشخص,cell.alignment;cell.fill;cell.font;ws.column_dimensions[col[0].column_letter].width;ws.title;ws.views.sheetView[0].rightToLeft,StreamingResponse;Workbook
GET,/reports/financial_summary,routers.reports.get_financial_summary,Kharazmi_Server/routers/reports.py:610,"query:user_type:string:required | query:teacher_id:{'anyOf': [{'type': 'string'}, {'type': 'null'}], 'title': 'Teacher Id'}:optional | query:year:{'anyOf': [{'type': 'string'}, {'type': 'null'}], 'title': 'Year'}:optional | query:month:{'anyOf': [{'type': 'string'}, {'type': 'null'}], 'title': 'Month'}:optional | query:branch_id:{'anyOf': [{'type': 'string'}, {'type': 'null'}], 'title': 'Branch Id'}:optional | header:authorization:{'anyOf': [{'type': 'string'}, {'type': 'null'}], 'title': 'Authorization'}:optional","نامشخص; static_return_keys=user_type,year,month,undated_count,undated_amount,monthly,yearly,teacher_id,teacher_name",Course;Teacher,نامشخص,نامشخص,نامشخص
GET,/reports/student_profile/print,routers.reports.print_student_profile,Kharazmi_Server/routers/reports.py:1067,"query:student_id:integer:required | header:authorization:{'anyOf': [{'type': 'string'}, {'type': 'null'}], 'title': 'Authorization'}:optional",نامشخص; static_return_keys=نامشخص,InstituteSettings;Student;Teacher,نامشخص,amount;course_id;is_deleted;is_reversed;share_teacher;wallet_institute,نامشخص
GET,/reports/student_statement,routers.reports.get_student_statement,Kharazmi_Server/routers/reports.py:743,"query:student_id:integer:required | header:authorization:{'anyOf': [{'type': 'string'}, {'type': 'null'}], 'title': 'Authorization'}:optional","نامشخص; static_return_keys=student_id,student_name,student_code,teacher_name,teachers,active_enrollments,total_paid_institute,total_debt_institute,unassigned_debt,total_debt,payment_timeline,next_installment,payment_link,institute_card_number,institute_name,address,phone,footer_text",Enrollment;Installment;InstituteSettings;Student;Transaction,settings,amount;course_id;enrollment_id;is_deleted;is_reversed;wallet_institute,db.add;db.commit;db.refresh
GET,/reports/student_statement/print,routers.reports.print_student_statement,Kharazmi_Server/routers/reports.py:883,"query:student_id:integer:required | header:authorization:{'anyOf': [{'type': 'string'}, {'type': 'null'}], 'title': 'Authorization'}:optional",نامشخص; static_return_keys=نامشخص,InstituteSettings;Student,نامشخص,amount;is_deleted;is_reversed;wallet_institute,نامشخص
GET,/resources,routers.branches.list_resources,Kharazmi_Server/routers/branches.py:171,"query:branch_id:{'anyOf': [{'type': 'integer'}, {'type': 'null'}], 'title': 'Branch Id'}:optional | header:authorization:{'anyOf': [{'type': 'string'}, {'type': 'null'}], 'title': 'Authorization'}:optional",نامشخص; static_return_keys=نامشخص,Resource,نامشخص,نامشخص,نامشخص
POST,/resources,routers.branches.create_resource,Kharazmi_Server/routers/branches.py:125,"header:authorization:{'anyOf': [{'type': 'string'}, {'type': 'null'}], 'title': 'Authorization'}:optional | body:ResourceCreateRequest:required","نامشخص; static_return_keys=status,message,resource_id",Resource,new_resource,نامشخص,db.add;db.commit;db.refresh
POST,/resources/bookings,routers.branches.book_resource,Kharazmi_Server/routers/branches.py:183,"header:authorization:{'anyOf': [{'type': 'string'}, {'type': 'null'}], 'title': 'Authorization'}:optional | body:BookingRequest:required","نامشخص; static_return_keys=status,message,booking_id",Course;Resource;ResourceBooking,new_booking,course_id;is_deleted,db.add;db.commit;db.refresh
PUT,/resources/{id},routers.branches.update_resource,Kharazmi_Server/routers/branches.py:149,"path:id:integer:required | header:authorization:{'anyOf': [{'type': 'string'}, {'type': 'null'}], 'title': 'Authorization'}:optional | body:ResourceUpdateRequest:required","نامشخص; static_return_keys=status,message",Resource,نامشخص,res.active;res.branch_id;res.name;res.serial_code;res.type,db.commit
POST,/rooms/create,routers.calendar.create_physical_room,Kharazmi_Server/routers/calendar.py:46,"header:authorization:{'anyOf': [{'type': 'string'}, {'type': 'null'}], 'title': 'Authorization'}:optional | body:RoomCreateRequest:required",RoomResponseModel; static_return_keys=نامشخص,Room,new_room,نامشخص,db.add;db.commit;db.refresh
GET,/rooms/list,routers.calendar.get_all_rooms,Kharazmi_Server/routers/calendar.py:71,"header:authorization:{'anyOf': [{'type': 'string'}, {'type': 'null'}], 'title': 'Authorization'}:optional",List[RoomResponseModel]; static_return_keys=نامشخص,Room,نامشخص,نامشخص,نامشخص
GET,/sms/history,routers.admin.get_sms_history,Kharazmi_Server/routers/admin.py:183,"header:authorization:{'anyOf': [{'type': 'string'}, {'type': 'null'}], 'title': 'Authorization'}:optional",List[SmsHistoryItem]; static_return_keys=نامشخص,models.SmsLog,نامشخص,نامشخص,SmsHistoryItem;db.query(models.SmsLog).order_by;db.query(models.SmsLog).order_by(desc(models.SmsLog.id)).all
POST,/sms/send,routers.admin.send_sms,Kharazmi_Server/routers/admin.py:151,"header:authorization:{'anyOf': [{'type': 'string'}, {'type': 'null'}], 'title': 'Authorization'}:optional | body:SmsSendRequest:required","نامشخص; static_return_keys=message,count",Student;Teacher,"models.SmsLog(target_group=req.target_group, message_text=req.message_text, sent_count=count, date=today)",is_deleted,db.add;db.commit;models.SmsLog
POST,/sms/send_bulk,routers.admin.send_bulk_sms,Kharazmi_Server/routers/admin.py:1495,"header:authorization:{'anyOf': [{'type': 'string'}, {'type': 'null'}], 'title': 'Authorization'}:optional | body:BulkSmsRequest:required","نامشخص; static_return_keys=status,message,results",Student,"models.SmsLog(target_group=f'student_{st.id}', message_text=msg, sent_count=1, date=today)",is_deleted;wallet_institute;wallet_teacher,db.add;db.commit;models.SmsLog
GET,/students/my_profile,routers.students.get_student_my_profile,Kharazmi_Server/routers/students.py:559,"header:authorization:{'anyOf': [{'type': 'string'}, {'type': 'null'}], 'title': 'Authorization'}:optional","نامشخص; static_return_keys=info,classes,wallet,grades,averages,attendance,installments,homework,exams,upcoming_sessions,notifications",Attendance;Course;Enrollment;Grade;Installment;SessionLog;UserSession,نامشخص,amount;course_id;enrollment_id;is_deleted;wallet_balance;wallet_institute;wallet_teacher,_student_portal_notifications
POST,/students/register,routers.students.register_student,Kharazmi_Server/routers/students.py:40,body:StudentCreate:required,"نامشخص; static_return_keys=message,id,student_code",Student,new_student,نامشخص,db.add;db.commit;db.flush
POST,/students/register_and_enroll,routers.students.register_and_enroll_student,Kharazmi_Server/routers/students.py:83,"header:authorization:{'anyOf': [{'type': 'string'}, {'type': 'null'}], 'title': 'Authorization'}:optional | body:StudentRegisterAndEnrollRequest:required","نامشخص; static_return_keys=status,message,id,enrollment_id",Course;Enrollment;Student,"Installment(enrollment_id=new_enroll.id, amount=amount, due_date=due_date, is_paid=False);new_enroll;new_student;new_trans",course_id;is_deleted;wallet_institute,db.add;db.commit;db.flush
GET,/students/search,routers.students.search_students,Kharazmi_Server/routers/students.py:264,"query:query:string:required | header:authorization:{'anyOf': [{'type': 'string'}, {'type': 'null'}], 'title': 'Authorization'}:optional",نامشخص; static_return_keys=نامشخص,Student,نامشخص,is_deleted,نامشخص
GET,/students/search_simple,routers.students.search_students_simple,Kharazmi_Server/routers/students.py:279,"query:query:string:required | header:authorization:{'anyOf': [{'type': 'string'}, {'type': 'null'}], 'title': 'Authorization'}:optional",نامشخص; static_return_keys=نامشخص,Student,نامشخص,is_deleted,نامشخص
PUT,/students/update/{student_id},routers.students.update_student,Kharazmi_Server/routers/students.py:724,"path:student_id:integer:required | header:authorization:{'anyOf': [{'type': 'string'}, {'type': 'null'}], 'title': 'Authorization'}:optional | body:StudentUpdate:required",نامشخص; static_return_keys=message,Student,نامشخص,is_deleted,db.commit
POST,/students/{id}/upload_photo,routers.students.upload_student_photo,Kharazmi_Server/routers/students.py:814,"path:id:integer:required | header:authorization:{'anyOf': [{'type': 'string'}, {'type': 'null'}], 'title': 'Authorization'}:optional | body:Body_upload_student_photo_students__id__upload_photo_post:required","نامشخص; static_return_keys=message,profile_image,url",Student,نامشخص,is_deleted;student.profile_image,db.commit
GET,/students/{student_id},routers.students.get_student_profile,Kharazmi_Server/routers/students.py:699,"path:student_id:integer:required | header:authorization:{'anyOf': [{'type': 'string'}, {'type': 'null'}], 'title': 'Authorization'}:optional","نامشخص; static_return_keys=id,first_name,last_name,father_name,national_code,birth_date,student_mobile,parent_mobile,home_phone,address,study_status,gender,version",Student,نامشخص,is_deleted,نامشخص
GET,/students/{student_id}/communication_history,routers.students.get_student_communication_history,Kharazmi_Server/routers/students.py:476,"path:student_id:integer:required | header:authorization:{'anyOf': [{'type': 'string'}, {'type': 'null'}], 'title': 'Authorization'}:optional",نامشخص; static_return_keys=نامشخص,Student,نامشخص,نامشخص,نامشخص
GET,/students/{student_id}/grades,routers.students.get_student_grades,Kharazmi_Server/routers/students.py:401,"path:student_id:integer:required | header:authorization:{'anyOf': [{'type': 'string'}, {'type': 'null'}], 'title': 'Authorization'}:optional","نامشخص; static_return_keys=grades,averages",Course;Grade,نامشخص,course_id,نامشخص
GET,/students/{student_id}/installments,routers.students.get_student_installments,Kharazmi_Server/routers/students.py:868,"path:student_id:integer:required | header:authorization:{'anyOf': [{'type': 'string'}, {'type': 'null'}], 'title': 'Authorization'}:optional",نامشخص; static_return_keys=نامشخص,Course;Enrollment;Installment;Student,نامشخص,amount;course_id;enrollment_id;is_deleted,نامشخص
GET,/students/{student_id}/report_card,routers.exams.get_student_report_card,Kharazmi_Server/routers/exams.py:319,"path:student_id:integer:required | header:authorization:{'anyOf': [{'type': 'string'}, {'type': 'null'}], 'title': 'Authorization'}:optional","نامشخص; static_return_keys=student_name,national_code,overall_average,courses,comments,final_status",Attendance;Enrollment;Grade;SessionLog;Student,نامشخص,course_id;is_deleted,نامشخص
GET,/students/{student_id}/report_card/pdf,routers.exams.export_report_card_pdf,Kharazmi_Server/routers/exams.py:383,"path:student_id:integer:required | header:authorization:{'anyOf': [{'type': 'string'}, {'type': 'null'}], 'title': 'Authorization'}:optional",نامشخص; static_return_keys=نامشخص,نامشخص,نامشخص,نامشخص,FileResponse
GET,/students/{student_id}/timeline,routers.timeline.get_student_timeline,Kharazmi_Server/routers/timeline.py:85,"path:student_id:integer:required | header:authorization:{'anyOf': [{'type': 'string'}, {'type': 'null'}], 'title': 'Authorization'}:optional",List[TimelineEvent]; static_return_keys=نامشخص,Attendance;Course;Grade;Installment;Student;Transaction,نامشخص,amount;course_id;enrollment_id;is_deleted;is_reversed,نامشخص
POST,/teachers/approve/{teacher_id},routers.admin.approve_teacher,Kharazmi_Server/routers/admin.py:271,"path:teacher_id:integer:required | header:authorization:{'anyOf': [{'type': 'string'}, {'type': 'null'}], 'title': 'Authorization'}:optional",نامشخص; static_return_keys=message,Teacher,نامشخص,is_deleted;teacher.is_approved,db.commit
GET,/teachers/list,routers.teachers.get_all_teachers,Kharazmi_Server/routers/teachers.py:103,"query:skip:integer:optional | query:limit:{'anyOf': [{'type': 'integer', 'maximum': 200, 'minimum': 1}, {'type': 'null'}], 'title': 'Limit'}:optional | header:authorization:{'anyOf': [{'type': 'string'}, {'type': 'null'}], 'title': 'Authorization'}:optional",List[TeacherListItem]; static_return_keys=نامشخص,Teacher,نامشخص,is_deleted,نامشخص
GET,/teachers/list/excel,routers.teachers.get_teachers_excel,Kharazmi_Server/routers/teachers.py:668,"header:authorization:{'anyOf': [{'type': 'string'}, {'type': 'null'}], 'title': 'Authorization'}:optional",نامشخص; static_return_keys=نامشخص,Course;SessionLog;Teacher,نامشخص,"cell.alignment;cell.fill;cell.font;course_id;is_deleted;ws.cell(row=row_num, column=9).number_format;ws.column_dimensions[col_letter].width;ws.title;ws.views.sheetView[0].rightToLeft",StreamingResponse;Workbook
GET,/teachers/pending,routers.admin.get_pending_teachers,Kharazmi_Server/routers/admin.py:203,"query:branch_id:{'anyOf': [{'type': 'integer'}, {'type': 'null'}], 'title': 'Branch Id'}:optional | header:authorization:{'anyOf': [{'type': 'string'}, {'type': 'null'}], 'title': 'Authorization'}:optional",List[PendingTeacherItem]; static_return_keys=نامشخص,Teacher;models.Branch,نامشخص,is_deleted,نامشخص
POST,/teachers/register,routers.teachers.register_teacher,Kharazmi_Server/routers/teachers.py:33,"header:authorization:{'anyOf': [{'type': 'string'}, {'type': 'null'}], 'title': 'Authorization'}:optional | body:TeacherCreate:required","نامشخص; static_return_keys=message,id,teacher_code,initial_password",Teacher;User,new_teacher,نامشخص,db.add;db.commit
DELETE,/teachers/reject/{teacher_id},routers.admin.reject_teacher,Kharazmi_Server/routers/admin.py:284,"path:teacher_id:integer:required | header:authorization:{'anyOf': [{'type': 'string'}, {'type': 'null'}], 'title': 'Authorization'}:optional",نامشخص; static_return_keys=message,Teacher,نامشخص,is_deleted;teacher.is_deleted,db.commit
PUT,/teachers/update/{teacher_id},routers.teachers.update_teacher,Kharazmi_Server/routers/teachers.py:499,"path:teacher_id:integer:required | header:authorization:{'anyOf': [{'type': 'string'}, {'type': 'null'}], 'title': 'Authorization'}:optional | body:TeacherUpdate:required",نامشخص; static_return_keys=message,Teacher;User;UserSession,نامشخص,_shadow.username;_shadow_pw.password;is_deleted;teacher.mobile;teacher.version,db.commit
GET,/teachers/{id}/full_profile,routers.teachers.get_teacher_full_profile,Kharazmi_Server/routers/teachers.py:386,"path:id:integer:required | header:authorization:{'anyOf': [{'type': 'string'}, {'type': 'null'}], 'title': 'Authorization'}:optional",نامشخص; static_return_keys=نامشخص,Course;Enrollment;Teacher,نامشخص,course_id;is_deleted;total_paid,نامشخص
GET,/teachers/{id}/today_summary,routers.teachers.get_teacher_today_summary,Kharazmi_Server/routers/teachers.py:200,"path:id:integer:required | header:authorization:{'anyOf': [{'type': 'string'}, {'type': 'null'}], 'title': 'Authorization'}:optional",نامشخص; static_return_keys=نامشخص,نامشخص,نامشخص,نامشخص,نامشخص
POST,/teachers/{id}/upload_photo,routers.teachers.upload_teacher_photo,Kharazmi_Server/routers/teachers.py:612,"path:id:integer:required | header:authorization:{'anyOf': [{'type': 'string'}, {'type': 'null'}], 'title': 'Authorization'}:optional | body:Body_upload_teacher_photo_teachers__id__upload_photo_post:required","نامشخص; static_return_keys=message,profile_image,url",Teacher,نامشخص,is_deleted;teacher.profile_image,db.commit
GET,/teachers/{teacher_id},routers.teachers.get_teacher_profile,Kharazmi_Server/routers/teachers.py:466,"path:teacher_id:integer:required | header:authorization:{'anyOf': [{'type': 'string'}, {'type': 'null'}], 'title': 'Authorization'}:optional","نامشخص; static_return_keys=id,first_name,last_name,father_name,national_code,birth_date,mobile,home_phone,marital_status,gender,employment_type,card_number,version",Teacher,نامشخص,is_deleted,نامشخص
GET,/teachers/{teacher_id}/classes,routers.teachers.get_my_classes,Kharazmi_Server/routers/teachers.py:231,"path:teacher_id:integer:required | query:student_name:{'anyOf': [{'type': 'string'}, {'type': 'null'}], 'title': 'Student Name'}:optional | query:course_name:{'anyOf': [{'type': 'string'}, {'type': 'null'}], 'title': 'Course Name'}:optional | query:grade_level:{'anyOf': [{'type': 'string'}, {'type': 'null'}], 'title': 'Grade Level'}:optional | query:start_year:{'anyOf': [{'type': 'string'}, {'type': 'null'}], 'title': 'Start Year'}:optional | header:authorization:{'anyOf': [{'type': 'string'}, {'type': 'null'}], 'title': 'Authorization'}:optional",نامشخص; static_return_keys=نامشخص,Course;Enrollment;Student,نامشخص,course_id;is_deleted,نامشخص
GET,/teachers/{teacher_id}/collaboration_summary,routers.teachers.get_teacher_collaboration_summary,Kharazmi_Server/routers/teachers.py:185,"path:teacher_id:integer:required | header:authorization:{'anyOf': [{'type': 'string'}, {'type': 'null'}], 'title': 'Authorization'}:optional",نامشخص; static_return_keys=نامشخص,Teacher,نامشخص,نامشخص,نامشخص
GET,/teachers/{teacher_id}/communication_history,routers.teachers.get_teacher_communication_history,Kharazmi_Server/routers/teachers.py:152,"path:teacher_id:integer:required | header:authorization:{'anyOf': [{'type': 'string'}, {'type': 'null'}], 'title': 'Authorization'}:optional",نامشخص; static_return_keys=نامشخص,Teacher,نامشخص,نامشخص,نامشخص
GET,/teachers/{teacher_id}/incomplete_classes,routers.teachers.get_teacher_incomplete_classes,Kharazmi_Server/routers/teachers.py:343,"path:teacher_id:integer:required | header:authorization:{'anyOf': [{'type': 'string'}, {'type': 'null'}], 'title': 'Authorization'}:optional",نامشخص; static_return_keys=نامشخص,Course;Enrollment,نامشخص,course_id;is_deleted,نامشخص
GET,/teachers/{teacher_id}/pending_classes,routers.teachers.get_teacher_pending_classes,Kharazmi_Server/routers/teachers.py:1233,"path:teacher_id:integer:required | header:authorization:{'anyOf': [{'type': 'string'}, {'type': 'null'}], 'title': 'Authorization'}:optional",نامشخص; static_return_keys=نامشخص,Course;Teacher,نامشخص,is_deleted,نامشخص
GET,/teachers/{teacher_id}/pending_settlement,routers.teachers.get_pending_settlement,Kharazmi_Server/routers/teachers.py:741,"path:teacher_id:integer:required | query:start_date:{'anyOf': [{'type': 'string'}, {'type': 'null'}], 'title': 'Start Date'}:optional | query:end_date:{'anyOf': [{'type': 'string'}, {'type': 'null'}], 'title': 'End Date'}:optional | header:authorization:{'anyOf': [{'type': 'string'}, {'type': 'null'}], 'title': 'Authorization'}:optional","نامشخص; static_return_keys=teacher_id,teacher_name,total_amount,session_count,settled_total_amount,earned_total_amount,pending_sessions",Attendance;Course;SessionLog;Settlement;Teacher,نامشخص,course_id;is_deleted,نامشخص
POST,/teachers/{teacher_id}/settle,routers.teachers.settle_teacher_sessions,Kharazmi_Server/routers/teachers.py:893,"path:teacher_id:integer:required | header:authorization:{'anyOf': [{'type': 'string'}, {'type': 'null'}], 'title': 'Authorization'}:optional | body:SettleRequest:required","نامشخص; static_return_keys=message,settlement_id,total_amount,session_count",Attendance;Attendance.session_id;Course;SessionLog;Teacher,new_settlement;payout,course_id;is_deleted;new_settlement.payout_transaction_id;payout.settlement_id,db.add;db.commit;db.flush
GET,/teachers/{teacher_id}/settlement_history,routers.teachers.get_settlement_history,Kharazmi_Server/routers/teachers.py:1046,"path:teacher_id:integer:required | header:authorization:{'anyOf': [{'type': 'string'}, {'type': 'null'}], 'title': 'Authorization'}:optional",نامشخص; static_return_keys=نامشخص,Settlement;Teacher,نامشخص,is_reversed,نامشخص
PUT,/teachers/{teacher_id}/settlements/{settlement_id}/edit,routers.teachers.edit_teacher_settlement,Kharazmi_Server/routers/teachers.py:1182,"path:teacher_id:integer:required | path:settlement_id:integer:required | header:authorization:{'anyOf': [{'type': 'string'}, {'type': 'null'}], 'title': 'Authorization'}:optional | body:SettlementEditRequest:required","نامشخص; static_return_keys=message,settlement_id,reversed_settlement_id,reversal_transaction_id,session_ids,total_amount",Attendance;SessionLog;Settlement,"adjustment;models.ActivityLog(admin_username=str(actor_id), action='settlement_adjustment', target_id=adjustment.id, target_name=f'replaces:{settlement.id}', details=req.reason.strip());payout",is_deleted;payout.settlement_id,db.add;db.commit;db.flush
POST,/teachers/{teacher_id}/settlements/{settlement_id}/reverse,routers.teachers.reverse_teacher_settlement,Kharazmi_Server/routers/teachers.py:1163,"path:teacher_id:integer:required | path:settlement_id:integer:required | query:reason:string:required | header:authorization:{'anyOf': [{'type': 'string'}, {'type': 'null'}], 'title': 'Authorization'}:optional","نامشخص; static_return_keys=message,settlement_id,reversal_transaction_id,session_ids",Settlement,نامشخص,نامشخص,db.commit
GET,/test/debt_calculation,routers.admin.test_debt_calculation,Kharazmi_Server/routers/admin.py:98,"header:authorization:{'anyOf': [{'type': 'string'}, {'type': 'null'}], 'title': 'Authorization'}:optional","نامشخص; static_return_keys=student_id,student_name,wallet_teacher,wallet_institute,wallet_balance,calculated_debt_teacher,calculated_debt_institute,calculated_total_debt,note,error",Student,نامشخص,wallet_balance;wallet_institute;wallet_teacher,نامشخص
POST,/test/transaction_logic,routers.admin.test_transaction_logic,Kharazmi_Server/routers/admin.py:1338,"header:authorization:{'anyOf': [{'type': 'string'}, {'type': 'null'}], 'title': 'Authorization'}:optional | body:TransactionTestData:required","نامشخص; static_return_keys=test_passed,initial_wallets,final_wallets,test_description,expected_result,actual_result",Student;Transaction,new_trans;trans_for_delete,amount;is_deleted;is_reversed;student.wallet_institute;student.wallet_teacher;trans_for_update.amount;trans_for_update.date;trans_for_update.description;wallet_balance;wallet_institute;wallet_teacher,db.add;db.commit;db.delete;db.refresh
GET,/uploads/{filename},main.serve_upload,Kharazmi_Server/main.py:94,"path:filename:string:required | header:authorization:{'anyOf': [{'type': 'string'}, {'type': 'null'}], 'title': 'Authorization'}:optional",نامشخص; static_return_keys=نامشخص,نامشخص,نامشخص,نامشخص,FileResponse
